VENOM;MANTIS PURSUER;MAGIC;HELM;311;5988;6300;7114;11681;FALSE;NIGHT FLY'S NOISELESSNESS;DUSK BUTTERFLY'S GRACE;EQULIBRIUM STAR
SACRED;MASK OF REVELATION;DEFENCE;HELM;297;5615;6914;10945;6124;FALSE;THE ARBITER;EQUILIRIUM STAR;STORM SHARD
WIND;BOREAL EYES;ATTACK;HELM;296;7000;10900;5586;5970;FALSE;TEMPEST SASH;STORM SHARD;RING OF SLUMBER
HEX;OLD ONE'S HELM;MAGIC;HELM;291;5516;5900;6965;10600;FALSE;ANCIENT FAVOUR;RING OF SLUMBER;REACHERS OF THE NORTH
ABYSS;RAIDER'S GUARD;ATTACK;HELM;280;6698;10090;5473;5600;FALSE;HAMMER'S BLESSING;RAIDER'S RUNE;CHARGED GLOVES
THUNDER;MASK OF THE STRIKER;DEFENSE;HELM;276;5221;6700;9751;5800;FALSE;LIGHTNING SHURIKEN;BAND OF LIGHTNING;MELTING FISTS
ICE;MELTING VISOR;MAGIC;HELM;272;5221;5600;6567;9700;FALSE;CRACKING ICE RUNE;ICEBREAKER RING;ETERNITY GRASPERS
MYTH;VISOR OF TIME;ATTACK;HELM;260;6304;8991;5274;5300;FALSE;PERIAPT OF THE ARCANIST;DEATHLESS RING;GRASP OF THE PATRICIAN
NECRO;UNDEAD PATRICIAN GUARD;DEFENSE;HELM;258;5024;6500;8657;5500;FALSE;REVENANT SOUL;SOUL SCREAM SIGNET;GRASP OF THE BEHOLDER
SHADOW;EVERWATCHING GUARD;MAGIC;HELM;253;4925;5300;6368;8600;FALSE;ORB OF SEEING;SEER'S BAND;CLAWS OF FIRE FURY
LAVA;MOLTEN HELM;ATTACK;HELM;252;6304;8492;4975;5300;FALSE;RUNE OF FLAMES;MOLTEN BAND;STONE CRAFT GLOVES
NOBLE;MINE OVERSEER HELM;DEFENSE;HELM;251;4925;6400;8358;5300;FALSE;OVERSEER'S SIGIL;ANCESTORS' CRAFT;GRASPERS OF THE HARBINGER
DEATH;HARBINGER HELM;MAGIC;HELM;246;4827;5200;6269;8200;FALSE;CRIMSON FATE;RING OF THE HARBINGER;STONE BRACERS
NATURE;MANTLE OF THE EARTH;ATTACK;HELM;245;6206;8192;4776;5200;FALSE;RUNE OF THE EARTH;RING OF STONE BINDING;DRAGON JADE BRACERS
DRAGON;MANTLE OF DRACONIC DUTY;DEFENSE;HELM;244;4728;6300;8060;5200;FALSE;HEIRLOOM JADE;DRAGON'S WHISPER RING;BESTIAL BRACERS
BEAST;BRAWLER GUARD;MAGIC;HELM;239;4728;5100;6169;7800;FALSE;CHAMPION'S FERAL LUCK;BRAWLER'S VICTORY RING;SABRETOOTH CLAWS
ICE;ICE HUNTER GUARD;ATTACK;HELM;237;6107;7692;4677;5100;FALSE;HUNTER'S FURY;FROZEN WILDS BRAND;POISONER'S BRACERS
VENOM;VENOM GUARD;DEFENSE;HELM;236;4630;6200;7562;5100;FALSE;NOXIOUS MORSEL;RAT KING'S BITE;BRACERS OF THE SLEIGHT OF HAND
WIND;HELM OF GLAMOUR;MAGIC;HELM;231;4630;5100;5970;7300;FALSE;PERIAPT OF THE WHISPERED ONE;RING OF THE SMOKE AND MIRRORS;PROTECTOR OF TOMBS BRACERS
MYTH;GOLDEN JACKAL HELM;ATTACK;HELM;229;5910;7200;4677;5000;FALSE;GOLDEN JACKAL'S PROTECTION;SACRED LANDS SEAL;BRACERS OF THE DEFENDER
NOBLE;LIONHEART HELM;DEFENSE;HELM;227;4531;6100;7065;4900;FALSE;PERIAPT OF LION'S STRENGTH;SIGIL OF RENOWN;BRACERS OF DEFLECTION
HEX;RAVEN'S MANE;MAGIC;HELM;216;4334;4800;5672;6700;FALSE;TURNING FATE MEDALLION;RING OF SECOND CHANCE;GRIPS OF THE DEPTHS
ABYSS;DREAD CAPTAIN'S MANTLE;ATTACK;HELM;215;5615;6700;4378;4700;FALSE;SEAFARER'S COMPASS;RING OF THE CURSED DEPTHS;WARFISTS OF THUNDER
THUNDER;HELM OF THE STORM;DEFENSE;HELM;214;4334;5800;6567;4600;FALSE;HEART OF THE STORM;BOLT OF LIGHTNING RING;FIRE-FORGED CLAWS
SHADOW;ONI HORNS;ATTACK;HELM;202;5418;6100;4179;4400;FALSE;NECKLACE OF SERENDIPITY;RING OF FOLKLORE;GLOVES OF TOTAL TRIUMPH
DRAGON;CINDERLORD'S CROWN;MAGIC;HELM;202;4137;4400;5473;6100;FALSE;AMULET OF DRACONIC VIGILANCE;RING OF AVARICE;ONI GRABBERS
SACRED;TRIUMPHANT CROWN;DEFENSE;HELM;201;4116;5506;5940;4374;FALSE;FLIGHT OF VICTORY NECKLACE;TRIUMPHANT THUMP RING;FOREST FOLKS HORN
NATURE;SACRED STAG CROWN;ATTACK;HELM;191;4998;5717;3960;4287;FALSE;WILDERNESS QUEEN NECKLACE;PHANTOM STOMPERS;CARVED FLAMING GLOVES
NECRO;MALACHITE CROWN;MAGIC;HELM;189;3743;4100;5373;5600;FALSE;MALACHITE CRYSTAL PENDANT;PHOENIX PALADIN ARMOR;TAINTED GLOVES
VENOM;VENOM VEIL;ATTACK;HELM;187;4900;5606;3762;4266;FALSE;SCARLECHOKER;BOOTS OF BITTERNESS;MAMMOTH SKULL
LAVA;FLAMING CROWN;DEFENSE;HELM;187;3724;5205;5445;4166;FALSE;CARVED FLAMING BOOTS;SCARLET SCORPIO ARMOR;GRIM GRIPS
DEATH;GRIMLORD CROWN;MAGIC;HELM;186;3645;4000;5351;5500;FALSE;GRIM GRIP NECKLACE;BOOTS OF BEREAVEMENT;DEADLY TWINS
BEAST;BATTLE BULL CROWN;ATTACK;HELM;185;4850;5600;3564;4257;FALSE;BATTLE BELL;GOBLET OF SPIRITS;SPIRIT MASTER ARMOR
MYTH;VICTORY VISOR;MAGIC;HELM;184;3643;4099;5009;5465;FALSE;FEARLESS WALKERS;BAT GLOVES;MANTICORE ARMOR
ICE;MAMMOTH HUNTER CROWN;MAGIC;HELM;184;3546;4000;5247;5467;FALSE;ABYSS STOMPERS;VICTORY VISOR;MANTICORE ARMOR
HEX;BLACK BAT;ATTACK;HELM;183;4982;5435;3623;4076;FALSE;VAMPIRIC BOOTS;ATLANTIS ARMOR;THUNDERBEAR NECKLACE
WIND;VEIL OF WIND;DEFENSE;HELM;183;3711;5064;5319;4059;FALSE;ZEPHYR WALKERS;SPIRIT TAMER RING;VAMPIRIC STING
NECRO;FROST GUARD;DEFENSE;HELM;183;3711;5064;5319;4059;FALSE;ZEPHYR WALKERS;SPIRIT TAMER RING;VAMPIRIC STING
NOBLE;IVORY VISOR;DEFENSE;HELM;182;3610;4963;5415;4061;FALSE;VAMPIRE CLAW NECKLACE;TRICOLOR SNAKE RING;OWL KING CROWN
DRAGON;THE DRAGONHORN;MAGIC;HELM;181;3592;4041;4939;5388;FALSE;SORCERY STOMPS;SHADOW TALONS;HUNDRED BLESSINGS RING
SHADOW;OWL KING CROWN;DEFENSE;HELM;181;3574;4914;5361;4021;FALSE;THUNDERBEAR NECKLACE;SERPENTER RING;TOXIC GRIN
THUNDER;VOLTAGO HORNS;ATTACK;HELM;181;4914;5361;3574;4021;FALSE;THUNDERWALK BOOTS;DRAGON PRIEST ARMOR;SILVER SALVATION
ABYSS;GILLS OF THE ABYSS;MAGIC;HELM;181;3592;4041;4939;5388;FALSE;ABYSS STOMPERS;MANTICORE WALKERS;THUNDER RULER RING
ICE;FROZEN GUARD;DEFENSE;HELM;181;3574;4914;5361;4021;FALSE;THUNDERBEAR NECKLACE;SERPENTER RING;TOXIC GRIN
SACRED;IMMACULATE CROWN;ATTACK;HELM;178;4841;5281;3521;3961;FALSE;SACRED PATH BOOTS;LAVALORD ARMOR;PATHSEEKER PENDANT
VENOM;TOXIC GRIN;DEFENSE;HELM;177;3503;4817;5255;3941;FALSE;SILVER SALVATION;LAVALORD RING;ICE CROWN
NATURE;HOOD OF CLAIRVOYANCE;ATTACK;HELM;174;4743;5175;3450;3881;FALSE;PATH SEEKERS;HELLGATE ARMOR;ARCANE POTION PENDANT
LAVA;LAVA CROWN;MAGIC;HELM;174;3432;3861;4719;5148;FALSE;BASALT STOMPERS;WALKERS OF AMBUSH;RING OF LABYRINTH
VENOM;LETHAL SMILE;DEFENSE;HELM;174;3432;4719;5148;3861;FALSE;VOLCANIC GLOVES;HELLGATE ARMOR;ICE TEAR PENDANT
NOBLE;HEATLORD HELMET;ATTACK;HELM;174;4743;5175;3450;3881;FALSE;INNER FIRE PENDANT;CURSED ICEBERG ARMOR;DEMON LEGION SCROLL
HEX;WITCHCRAFTER HOOD;MAGIC;HELM;174;3450;3881;4743;5175;FALSE;PATH SEEKERS;CLAWS OF BLIZZARD;DEVIL'S GRIP GLOVES
DEATH;HORNS OF MISDEED;ATTACK;HELM;174;4719;5148;3432;3861;FALSE;VOLCANIC GLOVES;HELLGATE ARMOR;ICE TEAR PENDANT
SACRED;VISOR OF SUPREMACY;ATTACK;HELM;174;4743;5175;3450;3881;FALSE;PATH SEEKERS;HELLGATE ARMOR;ARCANE POTION PENDANT
DRAGON;FIREBREATH VISOR;ATTACK;HELM;174;4743;5175;3450;3881;FALSE;PATH SEEKERS;HELLGATE ARMOR;ARCANE POTION PENDANT
HEX;HEXED SENTINEL;ATTACK;HELM;174;4743;5175;3450;3881;FALSE;PATH SEEKERS;HELLGATE ARMOR;ARCANE POTION PENDANT
ICE;ICE CROWN;DEFENSE;HELM;171;3396;4670;5095;3821;FALSE;PATHSEEKER PENDANT;BAAL'S FANG RING;HUNTER HORNS
LAVA;BASALT COLLAR;ATTACK;HELM;171;4670;5095;3396;3821;FALSE;PATH SEEKERS;CLAWS OF BLIZZARD;DEVIL'S GRIP GLOVES
THUNDER;ONCOMING STORM;DEFENSE;HELM;171;3396;4670;5095;3821;FALSE;PATHSEEKER PENDANT;BAAL'S FANG RING;HUNTER HORNS
MYTH;MYSTIC'S HELM;DEFENSE;HELM;171;3396;4670;5095;3821;FALSE;PATHSEEKER PENDANT;BAAL'S FANG RING;HUNTER HORNS
VENOM;MASK OF THE GREEN VIPER;DEFENSE;HELM;171;3396;4670;5095;3821;FALSE;PATHSEEKER PENDANT;BAAL'S FANG RING;HUNTER HORNS
DEATH;RED DEVIL;MAGIC;HELM;170;3361;3781;4621;5041;FALSE;DIABOLIC STOMPERS;GLACIER STOMPERS;FATAL BITE RING
ICE;FACE OF FROST;MAGIC;HELM;170;3361;3781;4621;5041;FALSE;DIABOLIC STOMPERS;GLACIER STOMPERS;FATAL BITE RING
BEAST;HUNTER HORNS;DEFENSE;HELM;169;3343;4597;5015;3761;FALSE;ARCANE POTION PENDANT;WHIRLWIND RING;THUNDERBOLT CROWN
MYTH;TURBAN OF DIVINATION;ATTACK;HELM;169;4597;5015;3343;3761;FALSE;BOOTS OF DESTINY;WINDWOLF ARMOR;SPECTRAL EYE PENDANT
BEAST;MAD HUNTER HORNS;ATTACK;HELM;169;4597;5015;3343;3761;FALSE;SLAYER'S RING;THE ALCHEMIST ARMOR;AIRWALKER BOOTS
MYTH;CROWN OF MYSTICS;DEFENSE;HELM;169;3343;4597;5015;3761;FALSE;PROPHECY GLOVES;SAVAGE SHAMAN PENDANT;GHOST MONARCH ARMOR
SHADOW;DUSKHUNTER VISOR;ATTACK;HELM;169;4597;5015;3343;3761;FALSE;SLAYER'S RING;THE ALCHEMIST ARMOR;AIRWALKER BOOTS
NATURE;FABLE FOREST CROWN;ATTACK;HELM;169;4597;5015;3343;3761;FALSE;SLAYER'S RING;THE ALCHEMIST ARMOR;AIRWALKER BOOTS
ABYSS;KRAKEN'S GUARD;ATTACK;HELM;169;4597;5015;3343;3761;FALSE;BOOTS OF DESTINY;WINDWOLF ARMOR;SPECTRAL EYE PENDANT
SHADOW;SHADOW PLUME;ATTACK;HELM;169;4597;5015;3343;3761;FALSE;BOOTS OF DESTINY;WINDWOLF ARMOR;SPECTRAL EYE PENDANT
NOBLE;PATRICIAN HEADPIECE;ATTACK;HELM;169;4597;5015;3343;3761;FALSE;BOOTS OF DESTINY;WINDWOLF ARMOR;SPECTRAL EYE PENDANT
NOBLE;IRONJAW;DEFENSE;HELM;167;3308;4548;4961;3721;FALSE;WITCHCRAFTER PENDANT;RING OF BETRAYAL;HELMET OF CHAOS
NECRO;PHANTOM CROWN;ATTACK;HELM;167;4548;4961;3308;3721;FALSE;SPECTRE WALKERS;SEASNAKE CHESTPIECE;WITCHCRAFTER PENDANT
NECRO;HELM OF THE CONDEMNED;DEFENSE;HELM;167;3308;4548;4961;3721;FALSE;WITCHCRAFTER PENDANT;RING OF BETRAYAL;HELMET OF CHAOS
BEAST;HORNED HELM;DEFENSE;HELM;167;3308;4548;4961;3721;FALSE;WITCHCRAFTER PENDANT;RING OF BETRAYAL;HELMET OF CHAOS
WIND;GUARDIAN OF THE GALE;ATTACK;HELM;167;4548;4961;3308;3721;FALSE;SPECTRE WALKERS;SEASNAKE CHESTPIECE;WITCHCRAFTER PENDANT
ABYSS;ODIN'S HORNS;MAGIC;HELM;166;3290;3701;4524;4935;FALSE;FJORD RUNNERS;BOLT BOOTS;CURSED CROW RING
THUNDER;THUNDERBOLT CROWN;DEFENSE;HELM;166;3290;4524;4935;3701;FALSE;SPECTRAL EYE PENDANT;RING OF SEVEN SEAS;IRONJAW
WIND;ZEPHYR'S VEIL;MAGIC;HELM;166;3290;3701;4524;4935;FALSE;AIRWALKER BOOTS;CORPSE DWELLER BOOTS;SILENT SCREAM RING
NATURE;FOREST GUARDIAN CROWN;ATTACK;HELM;164;4426;4828;3219;3621;FALSE;FOREST GUARDIAN BOOTS;DARK OVERLORD HORRORPLATE;BLOODSHED RING
ICE;ICE WARLORD CROWN;MAGIC;HELM;164;3237;3641;4450;4855;FALSE;ICE WARLORD WARBOOTS;HELLRAISER WARBOOTS;DUAL FORCE RING
SHADOW;SHADOWCROWN;MAGIC;HELM;164;3254;3661;4475;4881;FALSE;SHADOWSCALES;IRONPAWS;FIREBREATH RING
HEX;DARKSPELL HOOD;ATTACK;HELM;164;4450;4855;3237;3641;FALSE;CURSED CLAWS;SHADOWFALL ARMOR;DRACCA PENDANT
NONE;NIGHTMARE MASK;ATTACK;HELM;164;4426;4828;3219;3621;FALSE;RING OF BETRAYAL;CRIMSON BLOOD;SHADOWSONG PENDANT
NONE;SCREAM HARVESTER;DEFENSE;HELM;164;3219;4426;4828;3621;FALSE;RING OF BETRAYAL;CRIMSON BLOOD;SHADOWSONG PENDANT
DRAGON;DRAGONHORN CROWN;ATTACK;HELM;161;4401;4802;3201;3601;FALSE;DRAGONSCALES;ICE WARLORD BATTLEPLATE;ENT HEART PENDANT
DEATH;DARK OVERLORD CROWN;MAGIC;HELM;160;3165;3561;4353;4748;FALSE;GREAVES OF DOOM;BEHEMOTH WARBOOTS;STAR OF TRANSCENDENCE
NONE;SAVAGE SANTA HAT;ATTACK;HELM;160;4353;4748;3165;3561;FALSE;CLAWS OF CRUELTY;BEHEMOTH WARBOOTS;HELLRAISER CARAPACE
BEAST;BEHEMOTH GREATHELM;DEFENSE;HELM;158;3130;4304;4695;3521;FALSE;ENT HEART PENDANT;RING OF PURGATORY;SPELLBINDER PENDANT
LAVA;HELMET OF CHAOS;DEFENSE;HELM;156;3094;4255;4642;3481;FALSE;DRACCA PENDANT;ICE BRIDE RING;BEHEMOTH GREATHELM
SACRED;ARCHANGELIC GAZE;DEFENSE;HELM;154;3059;4206;4588;3441;FALSE;FEET OF IMMORTALITY;STAR OF TRANSCENDENCE;BEHEMOTH GREATHELM
NECRO;SOUL EATER JAWS;DEFENSE;HELM;153;3023;4157;4535;3401;FALSE;STAR OF TRANSCENDENCE;SPELLBINDER PENDANT;DARK OVERLORD CROWN
VENOM;CHITINOUS ASSASSIN'S ARMOR;DEFENSE;CHEST;310;6076;7178;11446;6281;FALSE;POISON CENTIPEDE'S VIRULENCE;INSECT NIMBLENESS;PROPHET'S BRACER
SACRED;CELESTIAL GUARDIAN ARMOR;ATTACK;CHEST;297;7086;11055;5578;5964;FALSE;INVIOLABLE CORE;PROPHET'S BRACER;ZEPHYR SASHAYS
WIND;AEOLIAN LIGHTS ARMOR;MAGIC;CHEST;295;5522;5940;6979;10802;FALSE;CYCLONE HEART;ZEPHYR SASHAYS;ANCIENT FAVOUR
HEX;ELDRITCH MASTER ARMOR;ATTACK;CHEST;292;6803;10395;5882;5847;FALSE;OLD ONE'S SCRIPTURE;ANCIENT BOOTS;HAMMER'S BLESSING
ABYSS;ABYSSAL RAIDER ARMOR;DEFENSE;CHEST;279;5324;6633;9970;5748;FALSE;FAVOR OF NORTH;BOOTS OF THE VOYAGER;LIGHTNING SHURIKEN
THUNDER;LIGHTNING STRIKER ARMOR;MAGIC;CHEST;275;5226;5643;6680;9712;FALSE;CHARGED KUNAI;GRAVES OF LIGHTNING;CRACKING ICE RUNE
ICE;ICE SENTINEL ARMOR;ATTACK;CHEST;273;6508;9405;5583;5550;FALSE;HEART OF GLACIER;ICESTOMPER BOOTS;PERIAPT OF THE ARCANIST
MYTH;THE TIMELESS ARCANIST ARMOR;DEFENSE;CHEST;260;5127;6435;8774;5451;FALSE;DEATHLESS RING;FORGOTTEN STOMPERS;REVENANT SOUL
NECRO;REVENANT RULER ARMOUR;MAGIC;CHEST;257;5029;5346;6481;8622;FALSE;BOOK OF LOST SOULS;REVENANT STOMPERS;ORB OF SEEING
SHADOW;SEER OF SHADOWS ARMOR;ATTACK;CHEST;252;6212;8514;4985;5252;FALSE;PIERCING EYE;CLAIRVOYANCE STOMPERS;RUNE OF FLAMES
NOBLE;LORD OF THE MOUNTAIN ARMOR;MAGIC;CHEST;251;4930;5247;6381;8324;FALSE;STONE MEMORY;MOUNTAIN LORD'S STOMPERS;CRIMSON FATE
LAVA;THE ENKINDLED ARMOR;DEFENSE;CHEST;251;4930;6336;8375;5252;FALSE;EMBER HEART;ENKINDLED STOMPERS;OVERSEER'S SIGIL
NATURE;EARTH ELEMENTAL ARMOR;DEFENSE;CHEST;245;4831;6237;8076;5153;FALSE;GEM OF EARTH ELEMENTAL;STOMPERS OF THE ELEMENTAL;HEIRLOOM JADE
DEATH;THE CRIMSON OMEN ARMOR;ATTACK;CHEST;245;6113;8118;4885;5153;FALSE;SPLINTER OF CRIMSON;OMINOUS WALKERS;RUNE OF THE EARTH
DRAGON;JADE GUARDIAN ARMOR;MAGIC;CHEST;244;4733;5148;6281;8027;FALSE;DRACONIC LEGACY;JADE GUARDIAN BOOTS;CHAMPION'S FERAL LUCK
BEAST;BEAST BRAWLER ARMOR;ATTACK;CHEST;238;6015;7722;4786;5054;FALSE;BEAST CHAMPION GOBLET;PRIMAL BRAWLER BOOTS;HUNTER'S FURY
VENOM;POISON MASTER CARAPACE;MAGIC;CHEST;237;4634;5049;6181;7631;FALSE;PUTRID MISSILE;PLAGUE STOMPERS;PERIAPT OF THE WHISPERED ONE
ICE;SABRETOOTH ARMOR;DEFENSE;CHEST;237;4634;6138;7677;5054;FALSE;ICE TOOTH AND CLAW;WASTELANDS STOMPERS;NOXIOUS MORSEL
WIND;THE EVERNIGHT ARMOR;ATTACK;CHEST;232;6015;7326;4686;4955;FALSE;CALL OF SHADOWS;BOOTS OF THE EVERNIGHT;GOLDEN JACKAL'S PROTECTION
MYTH;GUARDIAN OF THE AFTERLIFE ARMOR;DEFENSE;CHEST;229;4634;5940;7178;4955;FALSE;HEART VESSEL;SOUL GUARDIAN BOOTS;PERIAPT OF LION'S STRENGTH
NOBLE;LIONHEART CRUSADER ARMOR;MAGIC;CHEST;227;4536;4851;6082;7036;FALSE;CHALICE OF THE OATH;CRUSADER STOMPERS;TURNING FATE MEDALLION
HEX;TRICKSTER PRINCE ARMOR;ATTACK;CHEST;216;5620;6633;4487;4658;FALSE;RUNESKULL;TRICKSTER STOMPERS;SEAFARER'S COMPASS
ABYSS;CURSED SEAFARER ARMOR;DEFENSE;CHEST;215;4338;5742;6580;4658;FALSE;SEAFARER'S SPYGLASS;CURSED PLANK WALKERS;HEART OF THE STORM
THUNDER;KNIGHT OF THE TEMPEST ARMOR;MAGIC;CHEST;214;4338;4653;5683;6541;FALSE;SPHERE OF THE TEMPEST;THUNDERBOLT STOMPERS;AMULET OF DRACONIC VIGILANCE
DRAGON;CINDERLORD'S CARAPACE;ATTACK;CHEST;203;5324;6138;4187;4460;FALSE;PERIAPT OF FLAMES;WAR-FORGED STOMPERS;NECKLACE OF SERENDIPITY
SACRED;TOTAL TRIUMPH CARAPACE;MAGIC;CHEST;202;4166;4444;5390;6088;FALSE;THE SACRED CLAW;TRIUMPHANT WALK BOOTS;GLOVES OF WILDERNESS
SHADOW;ONI WARRIOR ARMOR;DEFENSE;CHEST;202;4141;5346;6082;4460;FALSE;ONI TOTEM;CLAWS OF ONI;FLIGHT OF VICTORY NECKLACE
NATURE;WILDERNESS WARRIOR ARMOR;DEFENSE;CHEST;191;3980;5380;5505;4187;FALSE;FOREST FOLKS HORN;MALACHITE SKULL RING;FLAMING CROWN
NECRO;MALACHITE PHANTOM ARMOR;ATTACK;CHEST;189;5127;5544;3689;4360;FALSE;PHANTOM FLAME;INNER FLAME RING;VENOM VEIL
DEATH;GRIMLORD ARMOR;ATTACK;CHEST;187;5029;5505;3667;4261;FALSE;WHIP OF WEAKNESS;WIND WHISPER GLOVES;BULL STOMPERS
LAVA;PHOENIX PALADIN ARMOR;MAGIC;CHEST;187;3670;4141;4998;5765;FALSE;PHOENIX FEATHER;TAINTED GLOVES;HUNTER'S PRIDE PENDANT
MYTH;SPIRIT MASTER ARMOR;ATTACK;CHEST;186;5037;5495;3663;4121;FALSE;GOBLET OF SPIRITS;ALABASTER GLOVES;WINGED LION RING
ICE;MAMMOTH HUNTER ARMOR;ATTACK;CHEST;186;4925;5499;3564;4356;FALSE;MAMMOTH SKULL;VAMPIRE CLAW NECKLACE;WINGED LION RING
VENOM;SCARLET SCORPIO ARMOR;DEFENSE;CHEST;186;3770;5353;5390;3976;FALSE;SCORPIO FAMILIAR;ICE HUNT GLOVES;ZEPHYR WALKERS
BEAST;BATTLE BULL ARMOR;DEFENSE;CHEST;184;3663;5252;5390;3960;FALSE;HANK OF SAFETY;GLOVES OF DEXTERITY;IVORY VISOR
WIND;ZEPHYROS ARMOR;MAGIC;CHEST;184;3607;4059;4975;5586;FALSE;DEADLY TWINS;VICTORY VISOR;TRITON NECKLACE
SHADOW;SHADOW OWL ARMOR;MAGIC;CHEST;182;3610;4061;4963;5415;FALSE;POISON FEATHERS;THUNDER RULER RING;LAVA CROWN
THUNDER;THUNDERBEAR ARMOR;DEFENSE;CHEST;182;3610;4963;5415;4061;FALSE;THUNDER BALL;PAWS OF MAGIC;TINY ASSASSIN NECKLACE
HEX;CRIMSON COUNT CARAPACE;DEFENSE;CHEST;182;3610;4963;5415;4061;FALSE;VAMPIRIC STING;KRAKEN GLOVES;NIGHT VISION NECKLACE
NOBLE;MANTICORE ARMOR;MAGIC;CHEST;182;3604;4054;4955;5405;FALSE;RUNEBOOK OF PEACE;CRIMSON COUNT RING;THE DRAGONHORN
DRAGON;DRAGON PRIEST ARMOR;ATTACK;CHEST;181;4939;5388;3592;4041;FALSE;RED DRAGON EGG;SHADOW CLAWS;BASALT MASK
ABYSS;ATLANTIS ARMOR;ATTACK;CHEST;181;4939;5388;3592;4041;FALSE;TENTACLE TALISMAN;ALABASTER GLOVES;RED DRAGON EGG
SACRED;GOLDEN ARCHANGEL ARMOR;DEFENSE;CHEST;178;3521;4841;5281;3961;FALSE;GOLDEN CODEX;VOLCANIC GLOVES;ICE TEAR PENDANT
VENOM;GREAT PREDATOR CARAPACE;MAGIC;CHEST;177;3503;3941;4817;5255;FALSE;VENOMOUS SPINNER;HUNDRED BLESSINGS RING;RED DEVIL
LAVA;LAVALORD ARMOR;ATTACK;CHEST;175;4768;5201;3468;3901;FALSE;BASALT MASK;WEB WEAVERS;DEMON LEGION SCROLL
NATURE;STONE LABYRINTH ARMOR;DEFENSE;CHEST;174;3450;4743;5175;3881;FALSE;GUIDING FIRE;DEVIL'S GRIP GLOVES;SAVAGE SHAMAN PENDANT
DEATH;HELLGATE ARMOR;ATTACK;CHEST;171;4670;5095;3396;3821;FALSE;DEMON LEGION SCROLL;CLAWS OF BLIZZARD;AIR BEAST ESSENCE
BEAST;TORTURE TYRANT ARMOR;MAGIC;CHEST;170;3361;3781;4621;5041;FALSE;SKULL BONGO;FATAL BITE RING;ODIN'S HORNS
MYTH;THE ALCHEMIST ARMOR;DEFENSE;CHEST;170;3361;4621;5041;3781;FALSE;DRAGONFIRE POTION;MISTRAL GRIPS;FULGURE NECKLACE
ICE;CURSED ICEBERG ARMOR;MAGIC;CHEST;170;3379;3801;4646;5068;FALSE;LIQUID ICE;RING OF LABYRINTH;ZEPHYR'S VEIL
NECRO;GHOST MONARCH ARMOR;DEFENSE;CHEST;168;3325;4572;4988;3741;FALSE;SPOOKER;TENTACLE GRIPS;REGIS LEONIS PENDANT
WIND;WINDWOLF ARMOR;ATTACK;CHEST;167;4548;4961;3308;3721;FALSE;AIR BEAST ESSENCE;GLOVES OF BRUTALITY;COBALT COMPASS
THUNDER;THUNDERLORD ARMOR;MAGIC;CHEST;166;3290;3701;4524;4935;FALSE;BOLT BOUQUET;SILENT SCREAM RING;SHADOWCROWN
DRAGON;DRACONIS ARMOR;DEFENSE;CHEST;165;3272;4499;4908;3681;FALSE;DRAGON HATCHLING;ICE WARLORD HANDWRAPS;BLITZKRIEG PENDANT
HEX;HEXODUS SPELLPLATE;DEFENSE;CHEST;165;3272;4499;4908;3681;FALSE;OBEDIENCE PUPPET;GRIPS OF GLOOM;INFERNAL FURNACE
SACRED;ARCHANGELIC GREATPLATE;DEFENSE;CHEST;164;3219;4426;4828;3621;FALSE;SACRED TEAR;SOUL EATER JAWS;RISE INCUBUS PENDANT
SHADOW;SHADOWFALL ARMOR;ATTACK;CHEST;164;4475;4881;3254;3661;FALSE;SHADOWFANG POISON;STEELCLAWS;HORN OF BLIZZARD
NOBLE;IRONLION GREATPLATE;MAGIC;CHEST;164;3254;3661;4475;4881;FALSE;IRONFORCE LAW;CURSED CROW RING;ICE WARLORD CROWN
ABYSS;SEASNAKE CHESTPIECE;ATTACK;CHEST;164;4475;4881;3254;3661;FALSE;COBALT COMPASS;VOLTAGE GRIPS;SHADOWFANG POISON
NATURE;FOREST GUARDIAN SPIRITPLATE;DEFENSE;CHEST;161;3201;4401;4802;3601;FALSE;DEMONSEED;CLAWS OF CRUELTY;BLITZKRIEG PENDANT
DEATH;DARK OVERLORD HORRORPLATE;ATTACK;CHEST;160;4353;4748;3165;3561;FALSE;CRIMSON BLOOD;BEHEMOTH WARFISTS;SELF-SACRIFICE RING
LAVA;HELLRAISER CARAPACE;MAGIC;CHEST;160;3148;3541;4328;4722;FALSE;HELL'S HAMMER;FIREBREATH RING;DARK OVERLORD CROWN
NECRO;SOUL EATER CARAPACE;MAGIC;CHEST;156;3094;3481;4255;4642;FALSE;ELIXIR OF VITALITY;SELF-SACRIFICE RING;BLITZKRIEG PENDANT
ICE;ICE WARLORD BATTLEPLATE;ATTACK;CHEST;156;4279;4668;3112;3501;FALSE;HORN OF BLIZZARD;HELLRAISER CHAINWRAPS;CRIMSON BLOOD
BEAST;BEHEMOTH BATTLEPLATE;MAGIC;CHEST;154;3041;3421;4181;4562;FALSE;HORN OF CARNAGE;DUAL FORCE RING;RING OF THE UNDEAD
VENOM;MIDNIGHT FLYTRAP;ATTACK;GLOVES;309;7171;11477;5941;6250;FALSE;DUSK BUTTERFLY'S GRACE;MANTIS PURSUER;CELESTIAL GUARDIAN ARMOR
SACRED;PILGRIM'S PRIDE;MAGIC;GLOVES;297;5672;5935;7072;10989;FALSE;EQUILIRIUM STAR;MASK OF REVELATION;AEOLIAN LIGHTS ARMOR
WIND;MISTRAL SCRAPE;ATTACK;GLOVES;295;7072;10768;5505;5910;FALSE;STORM SHARD;BOREAL EYES;ELDRITCH MASTER ARMOR
HEX;ELDRITCH GRASP;DEFENSE;GLOVES;293;5677;6979;10420;5910;FALSE;RING OF SLUMBER;OLD ONE'S HELM;ABYSSAL RAIDER ARMOR
ABYSS;REACHERS OF THE NORTH;MAGIC;GLOVES;278;5378;5583;6586;9949;FALSE;RAIDER'S RUNE;RAIDER'S GUARD;LIGHTNING STRIKER ARMOR
THUNDER;CHARGED GLOVES;ATTACK;GLOVES;276;6773;9771;5308;5516;FALSE;BAND OF LIGHTNING;MASK OF THE STRIKER;ICE SENTINEL ARMOR
ICE;MELTING FISTS;DEFENSE;GLOVES;274;5378;6680;9437;5615;FALSE;ICEBREAKER RING;MELTING VISOR;THE TIMELESS ARCANIST ARMOR
MYTH;ETERNITY GRASPERS;MAGIC;GLOVES;260;5080;5284;6390;8865;FALSE;HEART OF THE ARCANE;VISOR OF TIME;REVENANT RULER ARMOUR
NECRO;GRASP OF THE PATRICIAN;ATTACK;GLOVES;258;6574;8674;5013;5319;FALSE;SOUL SCREAM SIGNET;UNDEAD PATRICIAN GUARD;SEER OF SHADOWS ARMOR
LAVA;CLAWS OF FIRE FURY;MAGIC;GLOVES;252;4980;5284;6291;8373;FALSE;MOLTEN BAND;MOLTEN HELM;LORD OF THE MOUNTAIN ARMOR
SHADOW;GRASP OF THE BEHOLDER;DEFENSE;GLOVES;252;5080;6381;8257;5221;FALSE;SEER'S BAND;EVERWATCHING GUARD;THE ENKINDLED ARMOR
NOBLE;STONE CRAFT GLOVES;ATTACK;GLOVES;251;6374;8375;4915;5221;FALSE;ANCESTORS' CRAFT;MINE OVERSEER HELM;THE CRIMSON OMEN ARMOR
DEATH;GRASPERS OF THE HARBINGER;DEFENSE;GLOVES;246;4781;6281;8159;5122;FALSE;RING OF THE HARBINGER;HARBINGER HELM;EARTH ELEMENTAL ARMOR
NATURE;STONE BRACERS;MAGIC;GLOVES;245;4781;5184;6193;8077;FALSE;RING OF STONE BINDING;MANTLE OF THE EARTH;JADE GUARDIAN ARMOR
DRAGON;DRAGON JADE BRACERS;ATTACK;GLOVES;244;6275;8076;4718;5122;FALSE;DRAGON'S WHISPER RING;MANTLE OF DRACONIC DUTY;BEAST BRAWLER ARMOR
BEAST;BESTIAL BRACERS;DEFENSE;GLOVES;238;4681;6181;7667;5024;FALSE;BRAWLER'S VICTORY RING;BRAWLER GUARD;SABRETOOTH ARMOR
ICE;SABRETOOTH CLAWS;MAGIC;GLOVES;237;4781;5085;6095;7486;FALSE;FROZEN WILDS BRAND;ICE HUNTER GUARD;POISON MASTER CARAPACE
VENOM;POISONER'S BRACERS;ATTACK;GLOVES;236;6175;7577;4620;5024;FALSE;RAT KING'S BITE;VENOM GUARD;THE EVERNIGHT ARMOR
WIND;BRACERS OF THE SLEIGHT OF HAND;DEFENSE;GLOVES;230;4681;5982;7176;4925;FALSE;RING OF THE SMOKE AND MIRRORS;HELM OF GLAMOUR;GUARDIAN OF THE AFTERLIFE ARMOR
MYTH;PROTECTOR OF TOMBS BRACERS;MAGIC;GLOVES;229;4681;4985;5996;6994;FALSE;SACRED LANDS SEAL;GOLDEN JACKAL HELM;LIONHEART CRUSADER ARMOR
NOBLE;BRACERS OF THE DEFENDER;ATTACK;GLOVES;228;6076;7178;4522;4827;FALSE;SIGIL OF RENOWN;LIONHEART HELM;TRICKSTER PRINCE ARMOR
HEX;BRACERS OF DEFLECTION;DEFENSE;GLOVES;216;4382;5683;6684;4630;FALSE;RING OF SECOND CHANCE;RAVEN'S MANE;CURSED SEAFARER ARMOR
ABYSS;GRIPS OF THE DEPTHS;MAGIC;GLOVES;215;4482;4686;5603;6501;FALSE;RING OF THE CURSED DEPTHS;DREAD CAPTAIN'S MANTLE;KNIGHT OF THE TEMPEST ARMOR
THUNDER;WARFISTS OF THUNDER;ATTACK;GLOVES;214;5677;6680;4325;4531;FALSE;BOLT OF LIGHTNING RING;HELM OF THE STORM;CINDERLORD'S CARAPACE
SHADOW;ONI GRABBERS;MAGIC;GLOVES;202;4084;4487;5407;6009;FALSE;RING OF FOLKLORE;ONI HORNS;TOTAL TRIUMPH CARAPACE
DRAGON;FIRE-FORGED CLAWS;DEFENSE;GLOVES;202;4283;5484;5898;4334;FALSE;RING OF AVARICE;CINDERLORD'S CROWN;ONI WARRIOR ARMOR
SACRED;GLOVES OF TOTAL TRIUMPH;ATTACK;GLOVES;201;5346;6112;4166;4422;FALSE;TRIUMPHANT THUMP RING;TRIUMPHANT CROWN;BOOTS OF WILDERNESS
NATURE;GLOVES OF WILDERNESS;MAGIC;GLOVES;191;3861;4322;5158;5706;FALSE;RING OF PRIMEVAL FOREST;MALACHITE CROWN;PHOENIX FEATHER
NECRO;GREEN FANG GLOVES;DEFENSE;GLOVES;189;3785;5284;5505;4137;FALSE;MALACHITE SKULL RING;GOLDEN REVIVAL NECKLACE;SCORPIO FAMILIAR
DEATH;GRIM GRIPS;DEFENSE;GLOVES;187;3670;5274;5407;4137;FALSE;GRIM REAPER RING;HUNTER'S PRIDE PENDANT;HANK OF SAFETY
LAVA;CARVED FLAMING GLOVES;ATTACK;GLOVES;187;4950;5711;3670;4304;FALSE;INNER FLAME RING;VENOM VEIL;WHIP OF WEAKNESS
MYTH;GLOVES OF DEXTERITY;DEFENSE;GLOVES;186;3663;5037;5495;4121;FALSE;SPIRIT TAMER RING;VAMPIRIC STING;SKYROAR NECKLACE
ICE;ICE HUNT GLOVES;DEFENSE;GLOVES;186;3663;5200;5396;4124;FALSE;BROKEN ICE RING;MANTICORE WALKERS;TRICOLOR SNAKE RING
VENOM;TAINTED GLOVES;MAGIC;GLOVES;186;4950;4309;3670;5606;FALSE;VENOM VIOLENCE RING;GRIM GRIP NECKLACE;DEADLY TWINS
NOBLE;ALABASTER GLOVES;ATTACK;GLOVES;183;4982;5435;3623;4076;FALSE;WINGED LION RING;BLACK BAT;SHADOW CLAWS
BEAST;BULL GLOVES;MAGIC;GLOVES;183;4802;4300;3465;5600;FALSE;IVORY HORNS RING;WAR EAGLE PENDANT;ABYSS STOMPERS
WIND;WIND WHISPER GLOVES;ATTACK;GLOVES;183;4861;5544;3528;4175;FALSE;RING OF ATMOSPHERES;TENTACLE TALISMAN;ALABASTER GLOVES
NOBLE;RIGHTEOUS BRACERS;ATTACK;GLOVES;183;4861;5544;3528;4175;FALSE;RING OF ATMOSPHERES;TENTACLE TALISMAN;ALABASTER GLOVES
HEX;BAT GLOVES;MAGIC;GLOVES;182;3604;4054;4955;5405;FALSE;CRIMSON COUNT RING;TRITON NECKLACE;BASILISK PENDANT
DRAGON;PAWS OF MAGIC;DEFENSE;GLOVES;181;3592;4939;5388;4041;FALSE;SERPENTER RING;THUNDERBEAR ARMOR;GOLDEN CODEX
SHADOW;SHADOW CLAWS;ATTACK;GLOVES;181;4914;5361;3574;4021;FALSE;OWLER RING;VOLTAGO HORNS;WEB WEAVERS
THUNDER;IRONSTRIKE GLOVES;MAGIC;GLOVES;181;3574;4021;4914;5361;FALSE;THUNDER RULER RING;BASILISK PENDANT;INNER FIRE PENDANT
ABYSS;KRAKEN GLOVES;DEFENSE;GLOVES;181;3592;4939;5388;4041;FALSE;TRICOLOR SNAKE RING;CRIMSON COUNT CARAPACE;THUNDER BALL
NECRO;NECROTIC BRACERS;MAGIC;GLOVES;181;3574;4021;4914;5361;FALSE;THUNDER RULER RING;BASILISK PENDANT;INNER FIRE PENDANT
SACRED;SOLEMN OATH GLOVES;MAGIC;GLOVES;181;3574;4021;4914;5361;FALSE;THUNDER RULER RING;BASILISK PENDANT;INNER FIRE PENDANT
DEATH;MORTAL GRASP;DEFENSE;GLOVES;181;3592;4939;5388;4041;FALSE;TRICOLOR SNAKE RING;CRIMSON COUNT CARAPACE;THUNDER BALL
VENOM;WEB WEAVERS;ATTACK;GLOVES;177;4817;5255;3503;3941;FALSE;ENDLESS COMA RING;IMMACULATE CROWN;CLAWS OF BLIZZARD
SACRED;GLOVES OF GRACE;MAGIC;GLOVES;177;3503;3941;4817;5255;FALSE;HUNDRED BLESSINGS RING;INNER FIRE PENDANT;HEARTH OF HELL PENDANT
THUNDER;THUNDERCLAPPERS;ATTACK;GLOVES;177;4817;5255;3503;3941;FALSE;ENDLESS COMA RING;IMMACULATE CROWN;CLAWS OF BLIZZARD
WIND;AGILE WIND GLOVES;ATTACK;GLOVES;177;4817;5255;3503;3941;FALSE;ENDLESS COMA RING;IMMACULATE CROWN;CLAWS OF BLIZZARD
ABYSS;BRACERS OF THE OLD ONES;MAGIC;GLOVES;177;3503;3941;4817;5255;FALSE;HUNDRED BLESSINGS RING;INNER FIRE PENDANT;HEARTH OF HELL PENDANT
ICE;SNOWFREEZE GLOVES;MAGIC;GLOVES;176;3485;3921;4792;5228;FALSE;SILVER SALVATION;ENDLESS COMA RING;LAVA CROWN
NECRO;GLOVES OF THE UNDEAD;DEFENSE;GLOVES;176;3485;4792;5228;3921;FALSE;WINDWOLF ARMOR;SPECTRE WALKERS;COBALT COMPASS
DRAGON;WYRM'S BRACERS;MAGIC;GLOVES;176;3485;3921;4792;5228;FALSE;SILVER SALVATION;ENDLESS COMA RING;LAVA CROWN
NATURE;GRAPEVINE GLOVES;MAGIC;GLOVES;174;3432;3861;4719;5148;FALSE;RING OF LABYRINTH;HEARTH OF HELL PENDANT;WINDWOLF NECKLACE
LAVA;VOLCANIC GLOVES;DEFENSE;GLOVES;174;3432;4719;5148;3861;FALSE;LAVALORD RING;GOLDEN ARCHANGEL ARMOR;GUIDING FIRE
WIND;TWISTER GLOVES;ATTACK;GLOVES;174;4719;5148;3432;3861;FALSE;LAVA CROWN;RED DEVIL;GLACIER STOMPERS
MYTH;GLOVES OF CHOSEN DESTINY;MAGIC;GLOVES;174;3432;3861;4719;5148;FALSE;RING OF LABYRINTH;HEARTH OF HELL PENDANT;WINDWOLF NECKLACE
NOBLE;GLOVES OF DEFENCE;ATTACK;GLOVES;174;4719;5148;3432;3861;FALSE;LAVA CROWN;RED DEVIL;GLACIER STOMPERS
THUNDER;RUNNING CURRENT GLOVES;ATTACK;GLOVES;174;4719;5148;3432;3861;FALSE;LAVA CROWN;RED DEVIL;GLACIER STOMPERS
ICE;BANDS OF FROSTLANDS;DEFENSE;GLOVES;174;3432;4719;5148;3861;FALSE;LAVALORD RING;GOLDEN ARCHANGEL ARMOR;GUIDING FIRE
DEATH;DEVIL'S GRIP GLOVES;DEFENSE;GLOVES;170;3361;4621;5041;3781;FALSE;BAAL'S FANG RING;STONE LABYRINTH ARMOR;DRAGONFIRE POTION
ICE;CLAWS OF BLIZZARD;ATTACK;GLOVES;170;4621;5041;3361;3781;FALSE;GLACIER BEAST RING;HOOD OF CLAIRVOYANCE;GLOVES OF BRUTALITY
DRAGON;VANQUISHER GLOVES;ATTACK;GLOVES;170;4621;5041;3361;3781;FALSE;CURSED ICEBERG ARMOR;BAAL'S FANG RING;CORPSE DWELLER BOOTS
ABYSS;GOLDSERPENT GLOVES;MAGIC;GLOVES;170;3361;3781;4621;5041;FALSE;HEARTH OF HELL PENDANT;LIQUID ICE;BOOTS OF DESTINY
VENOM;TOXIC CLAWS;DEFENSE;GLOVES;170;3361;4621;5041;3781;FALSE;BAAL'S FANG RING;STONE LABYRINTH ARMOR;DRAGONFIRE POTION
BEAST;SILENT SAVAGERY GLOVES;DEFENSE;GLOVES;170;3361;4621;5041;3781;FALSE;BAAL'S FANG RING;STONE LABYRINTH ARMOR;DRAGONFIRE POTION
DEATH;GRIPS OF RUIN;ATTACK;GLOVES;170;4621;5041;3361;3781;FALSE;GLACIER BEAST RING;HOOD OF CLAIRVOYANCE;GLOVES OF BRUTALITY
BEAST;GLOVES OF BRUTALITY;ATTACK;GLOVES;169;4597;5015;3343;3761;FALSE;SLAYER'S RING;TURBAN OF DIVINATION;VOLTAGE GRIPS
SACRED;SANCTITY GLOVES;ATTACK;GLOVES;169;4597;5015;3343;3761;FALSE;SLAYER'S RING;TURBAN OF DIVINATION;VOLTAGE GRIPS
HEX;CURSED GLOVES;ATTACK;GLOVES;169;4597;5015;3343;3761;FALSE;SLAYER'S RING;TURBAN OF DIVINATION;VOLTAGE GRIPS
MYTH;PROPHECY GLOVES;MAGIC;GLOVES;168;3325;3741;4572;4988;FALSE;FATAL BITE RING;WINDWOLF NECKLACE;KRAKEN'S GAZE
LAVA;CRIMSON CHAIN GLOVES;MAGIC;GLOVES;168;3325;3741;4572;4988;FALSE;FATAL BITE RING;WINDWOLF NECKLACE;KRAKEN'S GAZE
SHADOW;GRIPS OF DARKNESS;MAGIC;GLOVES;168;3325;3741;4572;4988;FALSE;FATAL BITE RING;WINDWOLF NECKLACE;KRAKEN'S GAZE
WIND;MISTRAL GRIPS;DEFENSE;GLOVES;167;3308;4548;4961;3721;FALSE;WHIRLWIND RING;THE ALCHEMIST ARMOR;SPOOKER
NOBLE;STEELCLAWS;ATTACK;GLOVES;166;4524;4935;3290;3701;FALSE;IRONFORCE RING;DARKSPELL HOOD;HELLRAISER CHAINWRAPS
NECRO;GRIPS OF DELIRIUM;MAGIC;GLOVES;166;3290;3701;4524;4935;FALSE;SILENT SCREAM RING;KRAKEN'S GAZE;SHADOWSONG PENDANT
HEX;HEXE GAUNTLETS;MAGIC;GLOVES;165;3272;3681;4499;4908;FALSE;CURSED CROW RING;SHADOWSONG PENDANT;GLACIER HEART
SHADOW;GRIPS OF GLOOM;DEFENSE;GLOVES;164;3254;4475;4881;3661;FALSE;RING OF BETRAYAL;HEXODUS SPELLPLATE;DRAGON HATCHLING
ABYSS;TENTACLE GRIPS;DEFENSE;GLOVES;164;3237;4450;4855;3641;FALSE;RING OF SEVEN SEAS;GHOST MONARCH ARMOR;OBEDIENCE PUPPET
THUNDER;VOLTAGE GRIPS;ATTACK;GLOVES;164;4475;4881;3254;3661;FALSE;RING OF IGNITION;PHANTOM CROWN;STEELCLAWS
NATURE;FIREWATER GLOVES;ATTACK;GLOVES;164;4475;4881;3254;3661;FALSE;RING OF IGNITION;PHANTOM CROWN;STEELCLAWS
SACRED;HANDS OF GOD;MAGIC;GLOVES;161;3201;3601;4401;4802;FALSE;SELF-SACRIFICE RING;SOUL EATER CARAPACE;RING OF PURGATORY
ICE;ICE WARLORD HANDWRAPS;DEFENSE;GLOVES;160;3148;4328;4722;3541;FALSE;ICE BRIDE RING;DRACONIS ARMOR;DEMONSEED
DRAGON;DRAGONCLAWS;MAGIC;GLOVES;158;3130;3521;4304;4695;FALSE;FIREBREATH RING;GLACIER HEART;RISE INCUBUS PENDANT
BEAST;BEHEMOTH WARFISTS;ATTACK;GLOVES;156;4279;4668;3112;3501;FALSE;BLOODSHED RING;FOREST GUARDIAN CROWN;ELIXIR OF VITALITY
DEATH;CLAWS OF CRUELTY;DEFENSE;GLOVES;154;3041;4181;4562;3421;FALSE;RING OF PURGATORY;FOREST GUARDIAN SPIRITPLATE;SACRED TEAR
LAVA;HELLRAISER CHAINWRAPS;ATTACK;GLOVES;154;4206;4588;3059;3441;FALSE;BLISSFUL TORMENT RING;DRAGONHORN CROWN;BEHEMOTH WARFISTS
NECRO;SOUL EATER RUNEWRAPS;ATTACK;GLOVES;153;4157;4535;3023;3401;FALSE;RING OF THE UNDEAD;SACRED TEAR;BLOODSHED RING
NATURE;FOREST GUARDIAN GLOVES;MAGIC;GLOVES;152;3006;3381;4133;4508;FALSE;DUAL FORCE RING;RISE INCUBUS PENDANT;DARK OVERLORD CROWN
VENOM;INSECT NIMBLENESS;MAGIC;BOOTS;310;5941;6300;7227;11443;FALSE;NIGHT FLY'S NOISELESSNESS;CHITINOUS ASSASSIN'S ARMOR;PILGRIM'S PRIDE
SACRED;PROPHET'S BRACER;ATTACK;BOOTS;297;7229;11100;5429;5871;FALSE;THE ARBITER;CELESTIAL GUARDIAN ARMOUR;MISTRAL SCRAPE
WIND;ZEPHYR SASHAYS;DEFENCE;BOOTS;294;5516;6900;10746;6100;FALSE;TEMPEST SASH;AEOLIAN LIGHTS ARMOR;ELDRITCH GRASP
HEX;ANCIENT BOOTS;MAGIC;BOOTS;291;5700;6000;6762;10448;FALSE;ANCIENT FAVOUR;ELDRITCH MASTER ARMOR;RAIDER'S RUNE
ABYSS;BOOTS OF THE VOYAGER;ATTACK;BOOTS;280;6600;10000;5488;5771;FALSE;HAMMER'S BLESSING;ABYSSAL RAIDER ARMOR;BAND OF LIGHTNING
THUNDER;GRAVES OF LIGHTNING;ATTACK;BOOTS;277;6600;9900;5390;5672;FALSE;LIGHTNING SHURIKEN;LIGHTNING STRIKER ARMOR;ICEBREAKER RING
ICE;ICESTOMPER BOOTS;MAGIC;BOOTS;272;5400;5600;6468;9552;FALSE;CRACKING ICE RUNE;ICE SENTINEL ARMOR;DEATHLESS RING
MYTH;FORGOTTEN STOMPERS;ATTACK;BOOTS;260;6200;9000;5194;5473;FALSE;PERIAPT OF THE ARCANIST;THE TIMELESS ARCANIST ARMOR;SOUL SCREAM SIGNET
NECRO;REVENANT STOMPERS;DEFENSE;BOOTS;256;5100;6500;8428;5373;FALSE;REVENANT SOUL;REVENANT RULER ARMOUR;SEER'S BAND
SHADOW;CLAIRVOYANCE STOMPERS;MAGIC;BOOTS;253;5000;5400;6174;8557;FALSE;ORB OF SEEING;SEER OF SHADOWS ARMOR;MOLTEN BAND
LAVA;ENKINDLED STOMPERS;ATTACK;BOOTS;251;6100;8500;4998;5373;FALSE;RUNE OF FLAMES;THE ENKINDLED ARMOR;ANCESTORS' CRAFT
NOBLE;MOUNTAIN LORD'S STOMPERS;DEFENSE;BOOTS;250;4900;6400;8232;5274;FALSE;OVERSEER'S SIGIL;LORD OF THE MOUNTAIN ARMOR;RING OF THE HARBINGER
DEATH;OMINOUS WALKERS;MAGIC;BOOTS;246;4800;5300;6076;8259;FALSE;CRIMSON FATE;THE CRIMSON OMEN ARMOR;RING OF STONE BINDING
NATURE;STOMPERS OF THE ELEMENTAL;ATTACK;BOOTS;245;6100;8300;4802;5174;FALSE;RUNE OF THE EARTH;EARTH ELEMENTAL ARMOR;DRAGON'S WHISPER RING
DRAGON;JADE GUARDIAN BOOTS;DEFENSE;BOOTS;244;4800;6300;7938;5174;FALSE;HEIRLOOM JADE;JADE GUARDIAN ARMOR;BRAWLER'S VICTORY RING
BEAST;PRIMAL BRAWLER BOOTS;MAGIC;BOOTS;238;4700;5200;5978;7761;FALSE;CHAMPION'S FERAL LUCK;BEAST BRAWLER ARMOR;FROZEN WILDS BRAND
ICE;WASTELANDS STOMPERS;ATTACK;BOOTS;236;6000;7700;4704;5075;FALSE;HUNTER'S FURY;SABRETOOTH ARMOR;RAT KING'S BITE
VENOM;PLAGUE STOMPERS;DEFENSE;BOOTS;235;4600;6200;7448;5075;FALSE;NOXIOUS MORSEL;POISON MASTER CARAPACE;RING OF THE SMOKE AND MIRRORS
WIND;BOOTS OF THE EVERNIGHT;MAGIC;BOOTS;231;4700;5100;5978;7164;FALSE;PERIAPT OF THE WHISPERED ONE;THE EVERNIGHT ARMOR;SACRED LANDS SEAL
MYTH;SOUL GUARDIAN BOOTS;ATTACK;BOOTS;229;5900;7300;4606;4975;FALSE;GOLDEN JACKAL'S PROTECTION;GUARDIAN OF THE AFTERLIFE ARMOR;SIGIL OF RENOWN
NOBLE;CRUSADER STOMPERS;DEFENSE;BOOTS;227;4600;6100;6958;4876;FALSE;PERIAPT OF LION'S STRENGTH;LIONHEART CRUSADER ARMOR;RING OF SECOND CHANCE
HEX;TRICKSTER STOMPERS;MAGIC;BOOTS;216;4500;4700;5586;6667;FALSE;TURNING FATE MEDALLION;TRICKSTER PRINCE ARMOR;RING OF THE CURSED DEPTHS
ABYSS;CURSED PLANK WALKERS;ATTACK;BOOTS;215;5600;6700;4410;4677;FALSE;SEAFARER'S COMPASS;CURSED SEAFARER ARMOR;BOLT OF LIGHTNING RING
THUNDER;THUNDERBOLT STOMPERS;DEFENSE;BOOTS;214;4400;5700;6468;4677;FALSE;HEART OF THE STORM;KNIGHT OF THE TEMPEST ARMOR;RING OF AVARICE
SACRED;TRIUMPHANT WALK BOOTS;DEFENSE;BOOTS;203;4075;5422;6269;4455;FALSE;FLIGHT OF VICTORY NECKLACE;TOTAL TRIUMPH CARAPACE;WILDERNESS QUEEN NECKLACE
SHADOW;CLAWS OF ONI;ATTACK;BOOTS;203;5500;6200;4116;4378;FALSE;NECKLACE OF SERENDIPITY;ONI WARRIOR ARMOR;TRIUMPHANT THUMP RING
DRAGON;WAR-FORGED STOMPERS;MAGIC;BOOTS;203;4200;4400;5488;6070;FALSE;AMULET OF DRACONIC VIGILANCE;CINDERLORD'S CARAPACE;RING OF FOLKLORE
NATURE;BOOTS OF WILDERNESS;ATTACK;BOOTS;191;5378;5706;3877;4067;FALSE;MALACHITE PHANTOM ARMOR;PHANTOM FLAME;SCARLECHOKER
NECRO;PHANTOM STOMPERS;MAGIC;BOOTS;189;3800;4200;5194;5572;FALSE;GRIMLORD CROWN;PHOENIX FEATHER;GRIM REAPER RING
LAVA;CARVED FLAMING BOOTS;DEFENSE;BOOTS;187;3678;5300;5561;4059;FALSE;FLAMING CROWN;SCORPIO FAMILIAR;GRIM REAPER RING
VENOM;BOOTS OF BITTERNESS;ATTACK;BOOTS;186;5268;5600;3674;3960;FALSE;SCARLECHOKER;RING OF ATMOSPHERES;MAMMOTH HUNTER ARMOR
DEATH;BOOTS OF BEREAVEMENT;MAGIC;BOOTS;185;3700;4100;4998;5561;FALSE;GRIM GRIP NECKLACE;IVORY HORNS RING;ZEPHYROS ARMOR
MYTH;FEARLESS WALKERS;MAGIC;BOOTS;184;3643;4099;5009;5465;FALSE;VICTORY VISOR;CRIMSON COUNT RING;TRITON NECKLACE
BEAST;BULL STOMPERS;ATTACK;BOOTS;184;5247;5400;3663;3920;FALSE;TENTACLE TALISMAN;VAMPIRE CLAW NECKLACE;SPIRIT MASTER ARMOR
LAVA;MAGMA STOMPERS;MAGIC;BOOTS;184;3643;4099;5009;5465;FALSE;VICTORY VISOR;CRIMSON COUNT RING;TRITON NECKLACE
DEATH;BLOODREALM STOMPERS;MAGIC;BOOTS;184;3643;4099;5009;5465;FALSE;VICTORY VISOR;CRIMSON COUNT RING;TRITON NECKLACE
ICE;THICK ICE STOMPERS;MAGIC;BOOTS;183;3652;4100;4915;5473;FALSE;HUNTER'S PRIDE PENDANT;FEARLESS WALKERS;CRIMSON COUNT RING
LAVA;FIRESPELL WALKERS;MAGIC;BOOTS;183;3652;4100;4915;5473;FALSE;HUNTER'S PRIDE PENDANT;FEARLESS WALKERS;CRIMSON COUNT RING
HEX;VAMPIRIC BOOTS;ATTACK;BOOTS;182;4963;5415;3610;4061;FALSE;BLACK BAT;WINGED LION RING;THUNDERWALK BOOTS
WIND;ZEPHYR WALKERS;DEFENSE;BOOTS;182;3571;5132;5378;3920;FALSE;VEIL OF WIND;SPIRIT TAMER RING;CRIMSON COUNT CARAPACE
NECRO;MORTIS BOOTS;DEFENSE;BOOTS;182;3571;5132;5378;3920;FALSE;VEIL OF WIND;SPIRIT TAMER RING;CRIMSON COUNT CARAPACE
DRAGON;SORCERY STOMPS;MAGIC;BOOTS;181;3574;4021;4914;5361;FALSE;THE DRAGONHORN;POISON FEATHERS;GREAT PREDATOR CARAPACE
SHADOW;SHADOW TALONS;DEFENSE;BOOTS;181;3592;4939;5388;4041;FALSE;NIGHT VISION NECKLACE;BASILISK PENDANT;VOLCANIC GLOVES
THUNDER;THUNDERWALK BOOTS;ATTACK;BOOTS;181;4939;5388;3592;4041;FALSE;VOLTAGO HORNS;OWLER RING;SACRED PATH BOOTS
ABYSS;ABYSS STOMPERS;MAGIC;BOOTS;181;3574;4021;4914;5361;FALSE;GILLS OF THE ABYSS;RUNEBOOK OF PEACE;SHADOW OWL ARMOR
NOBLE;MANTICORE WALKERS;DEFENSE;BOOTS;181;3584;4928;5376;4032;FALSE;SKYROAR NECKLACE;TRITON NECKLACE;PAWS OF MAGIC
ICE;GLACIER STOMPERS;ATTACK;BOOTS;181;4939;5388;3592;4041;FALSE;VOLTAGO HORNS;OWLER RING;SACRED PATH BOOTS
MYTH;FABLED STOMPERS;DEFENSE;BOOTS;181;3592;4939;5388;4041;FALSE;NIGHT VISION NECKLACE;BASILISK PENDANT;VOLCANIC GLOVES
VENOM;WALKERS OF AMBUSH;DEFENSE;BOOTS;178;3521;4841;5281;3961;FALSE;TINY ASSASSIN NECKLACE;INNER FIRE PENDANT;DEVIL'S GRIP GLOVES
ABYSS;ICY DEPTHS STOMPERS;DEFENSE;BOOTS;178;3521;4841;5281;3961;FALSE;TINY ASSASSIN NECKLACE;INNER FIRE PENDANT;DEVIL'S GRIP GLOVES
SACRED;SACRED PATH BOOTS;ATTACK;BOOTS;177;4817;5255;3503;3941;FALSE;IMMACULATE CROWN;ENDLESS COMA RING;PATH SEEKERS
VENOM;VENOM STOMPERS;ATTACK;BOOTS;177;4817;5255;3503;3941;FALSE;IMMACULATE CROWN;ENDLESS COMA RING;PATH SEEKERS
HEX;BOOTS OF BLIGHT;ATTACK;BOOTS;177;4817;5255;3503;3941;FALSE;IMMACULATE CROWN;ENDLESS COMA RING;PATH SEEKERS
NATURE;PATH SEEKERS;ATTACK;BOOTS;174;4719;5148;3432;3861;FALSE;HOOD OF CLAIRVOYANCE;GLACIER BEAST RING;BOOTS OF DESTINY
LAVA;BASALT STOMPERS;MAGIC;BOOTS;174;3450;3881;4743;5175;FALSE;LAVA CROWN;VENOMOUS SPINNER;CURSED ICEBERG ARMOR
ICE;ICE CRUSADER BOOTS;DEFENSE;BOOTS;174;3432;4719;5148;3861;FALSE;HOOD OF CLAIRVOYANCE;LIQUID ICE;GLACIER BEAST RING
WIND;BOOTS OF BRAVADO;MAGIC;BOOTS;174;3432;3861;4719;5148;FALSE;HOOD OF CLAIRVOYANCE;ICE TEAR PENDANT;GLACIER BEAST RING
MYTH;SILENT STEPS BOOTS;MAGIC;BOOTS;174;3450;3881;4743;5175;FALSE;LAVA CROWN;VENOMOUS SPINNER;CURSED ICEBERG ARMOR
SACRED;VIGILANTE WALKERS;MAGIC;BOOTS;174;3450;3881;4743;5175;FALSE;LAVA CROWN;VENOMOUS SPINNER;CURSED ICEBERG ARMOR
DRAGON;CINDER WALKERS;ATTACK;BOOTS;174;4719;5148;3432;3861;FALSE;HOOD OF CLAIRVOYANCE;GLACIER BEAST RING;BOOTS OF DESTINY
SHADOW;NIGHTOWL BOOTS;MAGIC;BOOTS;174;3450;3881;4743;5175;FALSE;LAVA CROWN;VENOMOUS SPINNER;CURSED ICEBERG ARMOR
BEAST;CORPSE DWELLER BOOTS;DEFENSE;BOOTS;170;3361;4621;5041;3781;FALSE;SAVAGE SHAMAN PENDANT;WINDWOLF NECKLACE;TENTACLE GRIPS
DEATH;DIABOLIC STOMPERS;MAGIC;BOOTS;170;3379;3801;4646;5068;FALSE;RED DEVIL;LIQUID ICE;TORTURE TYRANT ARMOR
ICE;GLACIER STOMPERS;DEFENSE;BOOTS;170;3361;4621;5041;3781;FALSE;ICE TEAR PENDANT;HEARTH OF HELL PENDANT;MISTRAL GRIPS
LAVA;FIREWALKER STOMPERS;DEFENSE;BOOTS;170;3379;4646;5068;3801;FALSE;GLACIER BEAST RING;DEVIL'S GRIP GLOVES;SAVAGE SHAMAN PENDANT
BEAST;SPIKE STOMPERS;DEFENSE;BOOTS;170;3361;4621;5041;3781;FALSE;ICE TEAR PENDANT;HEARTH OF HELL PENDANT;MISTRAL GRIPS
NATURE;LONGSTRIDER BOOTS;DEFENSE;BOOTS;170;3361;4621;5041;3781;FALSE;ICE TEAR PENDANT;HEARTH OF HELL PENDANT;MISTRAL GRIPS
NOBLE;BOOTS OF THE RUNIC KNIGHT;DEFENSE;BOOTS;170;3361;4621;5041;3781;FALSE;SAVAGE SHAMAN PENDANT;WINDWOLF NECKLACE;TENTACLE GRIPS
DEATH;DREADWALKERS;DEFENSE;BOOTS;170;3361;4621;5041;3781;FALSE;SAVAGE SHAMAN PENDANT;WINDWOLF NECKLACE;TENTACLE GRIPS
MYTH;BOOTS OF DESTINY;ATTACK;BOOTS;169;4597;5015;3343;3761;FALSE;TURBAN OF DIVINATION;SLAYER'S RING;SPECTRE WALKERS
NECRO;NIGHTMARE STOMPERS;MAGIC;BOOTS;169;3343;3761;4597;5015;FALSE;FATAL BITE RING;SKULL BONGO;GRIPS OF DELIRIUM
DEATH;BOOTS OF PLAGUE;ATTACK;BOOTS;169;4597;5015;3343;3761;FALSE;TURBAN OF DIVINATION;SLAYER'S RING;SPECTRE WALKERS
WIND;AIRWALKER BOOTS;MAGIC;BOOTS;168;3325;3741;4572;4988;FALSE;ZEPHYR'S VEIL;SKULL BONGO;THUNDERLORD ARMOR
NOBLE;PRECIOUS PLATE BOOTS;MAGIC;BOOTS;168;3325;3741;4572;4988;FALSE;ZEPHYR'S VEIL;SKULL BONGO;THUNDERLORD ARMOR
NECRO;SPECTRE WALKERS;ATTACK;BOOTS;167;4548;4961;3308;3721;FALSE;PHANTOM CROWN;RING OF IGNITION;CURSED CLAWS
ABYSS;FJORD RUNNERS;MAGIC;BOOTS;166;3290;3701;4524;4935;FALSE;ODIN'S HORNS;BOLT BOUQUET;IRONLION GREATPLATE
HEX;CURSED CLAWS;ATTACK;BOOTS;165;4499;4908;3272;3681;FALSE;DARKSPELL HOOD;IRONFORCE RING;DRAGONSCALES
SHADOW;SHADOWSCALES;MAGIC;BOOTS;164;3219;3621;4426;4828;FALSE;SHADOWCROWN;IRONFORCE LAW;HELLRAISER CARAPACE
NOBLE;IRONPAWS;DEFENSE;BOOTS;164;3237;4450;4855;3641;FALSE;REGIS LEONIS PENDANT;SHADOWSONG PENDANT;ICE WARLORD HANDWRAPS
THUNDER;BOLT BOOTS;DEFENSE;BOOTS;164;3254;4475;4881;3661;FALSE;FULGURE NECKLACE;KRAKEN'S GAZE;GRIPS OF GLOOM
DRAGON;DRAGONSCALES;ATTACK;BOOTS;160;4328;4722;3148;3541;FALSE;DRAGONHORN CROWN;BLISSFUL TORMENT RING;FOREST GUARDIAN BOOTS
LAVA;HELLRAISER WARBOOTS;DEFENSE;BOOTS;156;3112;4279;4668;3501;FALSE;INFERNAL FURNACE;GLACIER HEART;CLAWS OF CRUELTY
SHADOW;TWILIGHT STOMPERS;MAGIC;BOOTS;156;3112;3501;4279;4668;FALSE;ICE BRIDE RING;STAR OF TRANSCENDENCE;HELLRAISER CARAPACE
NECRO;SOUL EATER RUNEBOOTS;DEFENSE;BOOTS;154;3041;4181;4562;3421;FALSE;SPELLBINDER PENDANT;FEET OF IMMORTALITY;HORN OF CARNAGE
DEATH;GREAVES OF DOOM;MAGIC;BOOTS;154;3059;3441;4206;4588;FALSE;DARK OVERLORD CROWN;HORN OF CARNAGE;FEET OF IMMORTALITY
SACRED;FEET OF IMMORTALITY;ATTACK;BOOTS;153;4157;4535;3023;3401;FALSE;ARCHANGELIC GAZE;SOUL EATER RUNEWRAPS;CRIMSON BLOOD
BEAST;BEHEMOTH WARBOOTS;DEFENSE;BOOTS;152;3006;4133;4508;3381;FALSE;BLITZKRIEG PENDANT;RISE INCUBUS PENDANT;SOUL EATER RUNEBOOTS
NATURE;FOREST GUARDIAN BOOTS;ATTACK;BOOTS;150;4084;4455;2970;3341;FALSE;FOREST GUARDIAN CROWN;BLOODSHED RING;DARK OVERLORD HORRORPLATE
ICE;ICE WARLORD WARBOOTS;MAGIC;BOOTS;150;2988;3361;4108;4482;FALSE;ICE WARLORD CROWN;HELL'S HAMMER;BEHEMOTH BATTLEPLATE
VENOM;NIGHT FLY'S NOISELESSNESS;ATTACK;NECKLACE;309;7351;11446;5892;6169;FALSE;MANTIS PURSUER;POISON CENTIPEDE'S VIRULENCE;INVIOLABLE CORE
WIND;HONORIFIC MEDAL;ATTACK;NECKLACE;313;4749;15080;4536;5124;TRUE;YOUR FAVORITE POISON;STAMP OF INDEPENDENT;OLD ONE'S BLESSING
ABYSS;SPRING TO LIFE;HEALTH;NECKLACE;307;14659;5148;4738;4500;FALSE;EGGING ON;SHELL SHIELD;EGGSPELL
ABYSS;EGGING ON;ATTACK;NECKLACE;307;4400;14549;4320;4880;TRUE;SPRING TO LIFE;SHELL SHIELD;ABYSSAL PROTECTION
ABYSS;SHELL SHIELD;DEFENCE;NECKLACE;307;4710;5214;14522;4373;TRUE;SPRING TO LIFE;EGGING ON;RAIDER'S BLESSING
ABYSS;EGGSPELL;MAGIC;NECKLACE;307;4463;4799;5052;14659;TRUE;SPRING TO LIFE;EGGING ON;NORTHERN HEX
SACRED;GODDESS' MEMORY;HEALTH;NECKLACE;300;14391;5064;4399;4500;FALSE;TRANSGRESSOR'S SPIRIT;TEMPLAR'S LAST STAND;UNDYING WILL
WIND;BREATH OF LIFE;HEALTH;NECKLACE;298;14178;5148;4399;4415;FALSE;WINDWALKER'S BROOCH;STAR OF SKYWEAVER;SACRED H
SACRED;THE ARBITER;DEFENCE;NECKLACE;297;5666;7077;10911;5882;FALSE;MASK OF REVELATION;INVIOLABLE CORE;STORM SHARD
ABYSS;SPRING BLESSING;HEALTH;NECKLACE;296;13803;5064;4653;4415;FALSE;BLOOMING STRIKE;FLOWER BARRIER;SPELL OF SPRING
HEX;OLD ONE'S BLESSING;HEALTH;NECKLACE;295;13965;5064;4399;4415;FALSE;CURSE OF THE DEPTHS;ACHIENT GUARD;BREATH OF LIFE
WIND;TEMPEST SASH;ATTACK;NECKLACE;294;7043;10692;5572;5794;FALSE;BOREAL EYES;CYCLONE HEART;RING OF SLUMBER
HEX;ANCIENT FAVOUR;MAGIC;NECKLACE;291;5637;5900;6881;10469;FALSE;OLD ONE'S HELM;ANCIENT FAVOUR;RAIDER'S RUNE
ICE;BOUGHS GREEN;DEFENCE;NECKLACE;285;4457;5046;12932;4205;TRUE;GINGER EFFIGY;GIFTING STAR;SOUL SENTRY
ABYSS;ABYSSAL PROTECTION;HEALTH;NECKLACE;282;13157;4993;4487;4417;FALSE;RAIDER'S BLESSING;NORTHERN HEX;OLD ONE'S BLESSING
THUNDER;CHARGED GUARD;DEFENSE;NECKLACE;280;4541;4794;12508;4289;TRUE;FLASH OF HEALING;CHAIN LIGHTNING;COLD COMFORT
ABYSS;HAMMER'S BLESSING;ATTACK;NECKLACE;279;6824;10000;5308;5583;FALSE;RAIDER'S GUARD;FAVOR OF NORTH;BAND OF LIGHTNING
ICE;COLD COMFORT;HEALTH;NECKLACE;277;12366;4895;4484;4245;FALSE;RUNE OF CONSTITUTION;MELTING VISOR;FLASH OF HEALING
THUNDER;LIGHTNING SHURIKEN;DEFENSE;NECKLACE;275;5440;6774;9633;5484;FALSE;MASK OF THE STRIKER;CHARGED KUNAI;ICEBREAKER RING
ICE;CRACKING ICE RUNE;MAGIC;NECKLACE;272;5341;5600;6586;9472;FALSE;MELTING VISOR;HEART OF GLACIER;DEATHLESS RING
MYTH;THANKFUL FOR HEALTH;HEALTH;NECKLACE;265;11556;4811;4399;4075;FALSE;THANKFUL FOR ATTACK;THANKFUL FOR DEFENCE;THANKFUL FOR MAGIC
MYTH;THANKFUL FOR ATTACK;ATTACK;NECKLACE;265;4160;11470;3840;4560;TRUE;THANKFUL FOR HEALTH;THANKFUL FOR DEFENCE;THANKFUL FOR MAGIC
MYTH;RUNE OF CONSTITUTION;HEALTH;NECKLACE;264;11513;4811;4315;4075;FALSE;TRADING SOULS;FORGOTTEN STOMPERS;COLD COMFORT
NECRO;TRADING SOULS;HEALTH;NECKLACE;262;11289;4811;4315;4075;FALSE;GRASPING PROPHECY;REVENANT STOMPERS;RUNE OF CONSTITUTION
NECRO;CUT TO THE CREEP;ATTACK;NECKLACE;262;4160;11204;3760;4560;TRUE;HALLOW'S HEALING;PHANTOM'S MENACE;HEAT OF BATTLE
SHADOW;GRASPING PROPHECY;HEALTH;NECKLACE;259;11076;4811;4315;3990;FALSE;CAUTERISER;EVERWATCHING GUARD;TRADING SOULS
MYTH;PERIAPT OF THE ARCANIST;ATTACK;NECKLACE;259;6429;8800;5112;5384;FALSE;VISOR OF TIME;HEART OF THE ARCANE;SOUL SCREAM SIGNET
LAVA;CAUTERISER;HEALTH;NECKLACE;257;10863;4817;4310;3986;FALSE;HEART OF STONE;ENKINDLED STOMPERS;GRASPING PROPHECY
NECRO;REVENANT SOUL;DEFENSE;NECKLACE;257;5143;6572;8552;5284;FALSE;UNDEAD PATRICIAN GUARD;BOOK OF LOST SOULS;SEER'S BAND
NOBLE;HEART OF STONE;HEALTH;NECKLACE;255;10650;4817;4310;3986;FALSE;OMINOUS SALVATION;LORD OF THE MOUNTAIN ARMOR;CAUTERISER
LAVA;RUNE OF FLAMES;ATTACK;NECKLACE;253;6429;8500;4915;5284;FALSE;MOLTEN HELM;EMBER HEART;ANCESTORS' CRAFT
SHADOW;ORB OF SEEING;MAGIC;NECKLACE;253;4945;5300;6291;8574;FALSE;EVERWATCHING GUARD;PIERCING EYE;MOLTEN BAND
DEATH;OMINOUS SALVATION;HEALTH;NECKLACE;251;10224;4810;4309;3981;FALSE;EARTH'S BLESSING;HARBINGER HELM;HEART OF STONE
NOBLE;OVERSEER'S SIGIL;DEFENSE;NECKLACE;250;4945;6470;8257;5184;FALSE;MINE OVERSEER HELM;STONE MEMORY;RING OF THE HARBINGER
NATURE;EARTH'S BLESSING;HEALTH;NECKLACE;249;10011;4805;4304;3972;FALSE;JADE HAVEN;MANTLE OF THE EARTH;OMINOUS SALVATION
DRAGON;JADE HAVEN;HEALTH;NECKLACE;247;9798;4799;4299;3967;FALSE;LAUREL OF MERCY;DRACONIC LEGACY;EARTH'S BLESSING
NATURE;RUNE OF THE EARTH;ATTACK;NECKLACE;245;6231;8290;4718;5184;FALSE;MANTLE OF THE EARTH;GEM OF EARTH ELEMENTAL;DRAGON'S WHISPER RING
DEATH;CRIMSON FATE;MAGIC;NECKLACE;245;4747;5200;6095;8275;FALSE;HARBINGER HELM;SPLINTER OF CRIMSON;RING OF STONE BINDING
BEAST;LAUREL OF MERCY;HEALTH;NECKLACE;244;9585;4788;4284;3864;FALSE;FROZEN REPOSE;BEAST CHAMPION GOBLET;JADE HAVEN
DRAGON;HEIRLOOM JADE;DEFENSE;NECKLACE;244;4747;6369;7962;5184;FALSE;MANTLE OF DRACONIC DUTY;DRACONIC LEGACY;BRAWLER'S VICTORY RING
ICE;FROZEN REPOSE;HEALTH;NECKLACE;240;9266;4788;4200;3864;FALSE;REMEDY RUNE;ICE HUNTER GUARD;LAUREL OF MERCY
VENOM;COUNTERAGENT RUNE;DEFENSE;NECKLACE;239;3948;4788;9328;3948;TRUE;REMEDY RUNE;VENOM GUARD;PLAGUE STOMPERS
BEAST;CHAMPION'S FERAL LUCK;MAGIC;NECKLACE;238;4747;5100;5996;7777;FALSE;BRAWLER GUARD;BEAST CHAMPION GOBLET;FROZEN WILDS BRAND
ICE;HUNTER'S FURY;ATTACK;NECKLACE;237;6132;7785;4620;5085;FALSE;ICE HUNTER GUARD;ICE TOOTH AND CLAW;RAT KING'S BITE
VENOM;NOXIOUS MORSEL;DEFENSE;NECKLACE;236;4648;6268;7471;5085;FALSE;VENOM GUARD;PUTRID MISSILE;BRACERS OF THE SLEIGHT OF HAND
WIND;SONG OF SPELLWEAVING;MAGIC;NECKLACE;232;3780;4032;4704;8881;TRUE;PERIAPT OF THE WHISPERED ONE;THE EVERNIGHT ARMOR;SONG OF PEACE
MYTH;AFTERLIFE GUARDIAN;HEALTH;NECKLACE;231;8586;4788;3948;3864;FALSE;GOLDEN JACKAL HELM;GUARDIAN OF THE AFTERLIFE ARMOR;SACRED LANDS SEAL
WIND;PERIAPT OF THE WHISPERED ONE;MAGIC;NECKLACE;231;4648;5100;5996;7178;FALSE;HELM OF GLAMOUR;CALL OF SHADOWS;PROTECTOR OF TOMBS BRACERS
NOBLE;PERIAPT OF LION'S STRENGTH;DEFENSE;NECKLACE;227;4549;6167;6979;4885;FALSE;LIONHEART HELM;CHALICE OF THE OATH;BRACERS OF DEFLECTION
NOBLE;BLESSING OF THE AGES;DEFENSE;NECKLACE;227;3948;4704;8190;3864;TRUE;PERIAPT OF LION'S STRENGTH;CRUSADER STOMPERS;LIONHEART HELM
MYTH;GOLDEN JACKAL'S PROTECTION;ATTACK;NECKLACE;227;5934;7178;4522;4985;FALSE;GOLDEN JACKAL HELM;HEART VESSEL;BRACERS OF THE DEFENDER
HEX;WINGS OF PROTECTION;DEFENSE;NECKLACE;219;3780;4620;7770;3780;TRUE;RING OF SECOND CHANCE;BRACERS OF DEFLECTION;CURSED SEAFARER ARMOR
ABYSS;STRENGTH OF THE DEPTHS;MAGIC;NECKLACE;217;3696;3948;4452;7665;TRUE;RING OF THE CURSED DEPTHS;GRIPS OF THE DEPTHS;DREAD CAPTAIN'S MANTLE
THUNDER;HEART OF THE STORM;DEFENSE;NECKLACE;216;4352;5864;6488;4786;FALSE;HELM OF THE STORM;SPHERE OF THE TEMPEST;FIRE-FORGED CLAWS
HEX;TURNING FATE MEDALLION;MAGIC;NECKLACE;216;4352;4752;5603;6780;FALSE;RAVEN'S MANE;RUNESKULL;GRIPS OF THE DEPTHS
ABYSS;SEAFARER'S COMPASS;ATTACK;NECKLACE;215;5538;6774;4325;4786;FALSE;DREAD CAPTAIN'S MANTLE;SEAFARER'S SPYGLASS;WARFISTS OF THUNDER
SHADOW;NECKLACE OF SERENDIPITY;ATTACK;NECKLACE;203;5341;6167;4227;4487;FALSE;ONI HORNS;ONI TOTEM;TRIUMPHANT CROWN
DRAGON;AMULET OF DRACONIC VIGILANCE;MAGIC;NECKLACE;203;4154;4550;5407;6082;FALSE;CINDERLORD'S CROWN;PERIAPT OF FLAMES;ONI GRABBERS
SACRED;FLIGHT OF VICTORY NECKLACE;DEFENSE;NECKLACE;202;3980;5473;6076;4518;FALSE;TRIUMPHANT CROWN;THE SACRED CLAW;WILDERNESS WARRIOR ARMOR
THUNDER;HEALING SPARK;HEALTH;NECKLACE;199;6510;3864;3680;4675;FALSE;WARFISTS OF THUNDER;BOLT OF LIGHTNING RING;SPHERE OF THE TEMPEST
DRAGON;DRAGON'S VITALITY;HEALTH;NECKLACE;197;6300;4675;3600;3780;FALSE;NECKLACE OF SERENDIPITY;CLAWS OF ONI;ONI HORNS
NATURE;WILDERNESS QUEEN NECKLACE;ATTACK;NECKLACE;191;5174;5683;3842;4304;FALSE;SACRED STAG CROWN;PHANTOM STOMPERS;INNER FLAME RING
NECRO;MALACHITE CRYSTAL PENDANT;MAGIC;NECKLACE;189;3758;4347;5112;5583;FALSE;MALACHITE CROWN;BOOTS OF BEREAVEMENT;VENOM VIOLENCE RING
DEATH;GRIM GRIP NECKLACE;MAGIC;NECKLACE;187;3747;4246;5013;5555;FALSE;GRIMLORD CROWN;THICK ICE STOMPERS;BULL GLOVES
VENOM;SCARLECHOKER;ATTACK;NECKLACE;187;5075;5572;3724;4204;FALSE;VENOM VEIL;BOOTS OF BEREAVEMENT;WIND WHISPER GLOVES
LAVA;GOLDEN REVIVAL NECKLACE;DEFENSE;NECKLACE;187;3582;5174;5488;4304;FALSE;FLAMING CROWN;CARVED FLAMING BOOTS;MAMMOTH HUNTER CROWN
MYTH;WAR EAGLE PENDANT;MAGIC;NECKLACE;184;3643;4099;5009;5465;FALSE;GILLS OF THE ABYSS;RUNEBOOK OF PEACE;VAMPIRIC BOOTS
ICE;HUNTER'S PRIDE PENDANT;MAGIC;NECKLACE;184;3743;4141;4910;5478;FALSE;THICK ICE STOMPERS;WAR EAGLE PENDANT;BAT GLOVES
BEAST;BATTLE BELL;ATTACK;NECKLACE;183;4975;5473;3528;4200;FALSE;BATTLE BULL CROWN;GOBLET OF SPIRITS;BLACK BAT
WIND;WIND CRYSTAL PENDANT;DEFENSE;NECKLACE;183;3500;5064;5390;4200;FALSE;VEIL OF WIND;IVORY VISOR;KRAKEN GLOVES
HEX;VAMPIRE CLAW NECKLACE;ATTACK;NECKLACE;182;4963;5415;3610;4061;FALSE;IVORY VISOR;TENTACLE TALISMAN;VOLTAGO HORNS
NOBLE;SKYROAR NECKLACE;DEFENSE;NECKLACE;182;3610;4963;5415;4061;FALSE;MANTICORE WALKERS;VAMPIRIC STING;THUNDERBEAR ARMOR
DRAGON;IMMORTAL EYE;DEFENSE;NECKLACE;182;3610;4963;5415;4061;FALSE;MANTICORE WALKERS;VAMPIRIC STING;THUNDERBEAR ARMOR
DRAGON;BASILISK PENDANT;MAGIC;NECKLACE;179;3556;4001;4890;5335;FALSE;THE DRAGONHORN;IRONSTRIKE GLOVES;VENOMOUS SPINNER
SHADOW;NIGHT VISION NECKLACE;DEFENSE;NECKLACE;179;3539;4866;5308;3981;FALSE;SHADOW TALONS;THUNDER BALL;GOLDEN ARCHANGEL ARMOR
THUNDER;THUNDERBEAR NECKLACE;ATTACK;NECKLACE;179;4866;5308;3539;3981;FALSE;OWL KING CROWN;RED DRAGON EGG;IMMACULATE CROWN
ABYSS;TRITON NECKLACE;MAGIC;NECKLACE;179;3556;4001;4890;5335;FALSE;GILLS OF THE ABYSS;BAT GLOVES;POISON FEATHERS
NONE;HAPPY EASTER NECKLACE;DEFENSE;NECKLACE;179;3556;4890;5335;4001;FALSE;KRAKEN GLOVES;TRICOLOR SNAKE RING;THUNDER BALL
DRAGON;WYVERN'S GIFT;MAGIC;NECKLACE;179;3556;4001;4890;5335;FALSE;GILLS OF THE ABYSS;BAT GLOVES;POISON FEATHERS
THUNDER;FERAL THUNDER;DEFENSE;NECKLACE;179;3539;4866;5308;3981;FALSE;SHADOW TALONS;THUNDER BALL;GOLDEN ARCHANGEL ARMOR
HEX;HEXED STRIKE;MAGIC;NECKLACE;179;3556;4001;4890;5335;FALSE;GILLS OF THE ABYSS;BAT GLOVES;POISON FEATHERS
DEATH;AMULET OF PASSING;MAGIC;NECKLACE;179;3556;4001;4890;5335;FALSE;GILLS OF THE ABYSS;BAT GLOVES;POISON FEATHERS
NATURE;GIFT OF THE FOREST;MAGIC;NECKLACE;179;3556;4001;4890;5335;FALSE;GILLS OF THE ABYSS;BAT GLOVES;POISON FEATHERS
LAVA;CHAINS OF LAVA;ATTACK;NECKLACE;179;4866;5308;3539;3981;FALSE;OWL KING CROWN;RED DRAGON EGG;IMMACULATE CROWN
SACRED;SILVER SALVATION;ATTACK;NECKLACE;177;4817;5255;3503;3941;FALSE;TOXIC GRIN;BASALT MASK;HOOD OF CLAIRVOYANCE
SACRED;RIGHTEOUS WRATH AMULET;ATTACK;NECKLACE;177;4817;5255;3503;3941;FALSE;TOXIC GRIN;BASALT MASK;HOOD OF CLAIRVOYANCE
SHADOW;WISDOM OF SHADOWS;ATTACK;NECKLACE;177;4817;5255;3503;3941;FALSE;TOXIC GRIN;BASALT MASK;HOOD OF CLAIRVOYANCE
VENOM;TINY ASSASSIN NECKLACE;DEFENSE;NECKLACE;175;3468;4768;5201;3901;FALSE;WALKERS OF AMBUSH;GOLDEN CODEX;STONE LABYRINTH ARMOR
WIND;ROARING WIND NECKLACE;DEFENSE;NECKLACE;175;3468;4768;5201;3901;FALSE;WALKERS OF AMBUSH;GOLDEN CODEX;STONE LABYRINTH ARMOR
DEATH;EFFIGY OF DECAY;DEFENSE;NECKLACE;175;3468;4768;5201;3901;FALSE;WALKERS OF AMBUSH;GOLDEN CODEX;STONE LABYRINTH ARMOR
NATURE;PATHSEEKER PENDANT;ATTACK;NECKLACE;174;4719;5148;3432;3861;FALSE;ICE CROWN;DEMON LEGION SCROLL;TURBAN OF DIVINATION
DRAGON;DRAGON FIGURINE;DEFENSE;NECKLACE;174;3432;4719;5148;3861;FALSE;RING OF LABYRINTH;LAVALORD RING;HELLGATE ARMOR
ICE;HEART OF WINTER;ATTACK;NECKLACE;174;4719;5148;3432;3861;FALSE;ICE CROWN;DEMON LEGION SCROLL;TURBAN OF DIVINATION
WIND;ZEPHYR CHIME;ATTACK;NECKLACE;174;4719;5148;3432;3861;FALSE;ICE CROWN;DEMON LEGION SCROLL;TURBAN OF DIVINATION
LAVA;INNER FIRE PENDANT;MAGIC;NECKLACE;171;3396;3821;4670;5095;FALSE;LAVA CROWN;GLOVES OF GRACE;LIQUID ICE
BEAST;PRIMAL POWER PENDANT;DEFENSE;NECKLACE;171;3396;4670;5095;3821;FALSE;BASALT STOMPERS;RING OF LABYRINTH;ICE CROWN
SACRED;SACRED SUPERNOVA;DEFENSE;NECKLACE;171;3396;4670;5095;3821;FALSE;BASALT STOMPERS;RING OF LABYRINTH;ICE CROWN
NECRO;NECROMANCER'S AMULET;MAGIC;NECKLACE;171;3396;3821;4670;5095;FALSE;LAVA CROWN;GLOVES OF GRACE;LIQUID ICE
BEAST;FEROCIOUS FANG;MAGIC;NECKLACE;171;3396;3821;4670;5095;FALSE;LAVA CROWN;GLOVES OF GRACE;LIQUID ICE
ABYSS;CEPHALOPOD CHARM;MAGIC;NECKLACE;171;3396;3821;4670;5095;FALSE;LAVA CROWN;GLOVES OF GRACE;LIQUID ICE
ICE;ICE TEAR PENDANT;DEFENSE;NECKLACE;170;3361;4621;5041;3781;FALSE;GLACIER STOMPERS;GUIDING FIRE;THE ALCHEMIST ARMOR
HEX;WINGED THIEF;MAGIC;NECKLACE;170;3379;3801;4646;5068;FALSE;DEMON LEGION SCROLL;ICE CROWN;PROPHECY GLOVES
NOBLE;LEGENDARY ROAR;DEFENSE;NECKLACE;170;3361;4621;5041;3781;FALSE;GLACIER STOMPERS;GUIDING FIRE;THE ALCHEMIST ARMOR
MYTH;WIND CHIME AMULET;DEFENSE;NECKLACE;170;3361;4621;5041;3781;FALSE;GLACIER STOMPERS;GUIDING FIRE;THE ALCHEMIST ARMOR
VENOM;BLIGHT AMULET;DEFENSE;NECKLACE;170;3361;4621;5041;3781;FALSE;GLACIER STOMPERS;GUIDING FIRE;THE ALCHEMIST ARMOR
NECRO;AMULET OF THE NECROTIC GAZE;DEFENSE;NECKLACE;170;3361;4621;5041;3781;FALSE;GLACIER STOMPERS;GUIDING FIRE;THE ALCHEMIST ARMOR
MYTH;ARCANE POTION PENDANT;ATTACK;NECKLACE;169;4597;5015;3343;3761;FALSE;HUNTER HORNS;AIR BEAST ESSENCE;PHANTOM CROWN
DEATH;HEARTH OF HELL PENDANT;MAGIC;NECKLACE;169;3343;3761;4597;5015;FALSE;RED DEVIL;GRAPEVINE GLOVES;SKULL BONGO
SHADOW;SHADOW BALL;DEFENSE;NECKLACE;169;3343;4597;5015;3761;FALSE;CLAWS OF BLIZZARD;GLACIER BEAST RING;TURBAN OF DIVINATION
ABYSS;THREE SPIRIT AMULET;ATTACK;NECKLACE;169;4597;5015;3343;3761;FALSE;GILLS OF THE ABYSS;BAT GLOVES;POISON FEATHERS
NATURE;PURPLE PASSION AMULET;MAGIC;NECKLACE;169;3343;3761;4597;5015;FALSE;RED DEVIL;GRAPEVINE GLOVES;SKULL BONGO
BEAST;SAVAGE SHAMAN PENDANT;DEFENSE;NECKLACE;168;3325;4572;4988;3741;FALSE;CORPSE DWELLER BOOTS;DRAGONFIRE POTION;GHOST MONARCH ARMOR
WIND;WINDWOLF NECKLACE;MAGIC;NECKLACE;167;3308;3721;4548;4961;FALSE;ZEPHYR'S VEIL;PROPHECY GLOVES;BOLT BOUQUET
ABYSS;KRAKEN'S GAZE;MAGIC;NECKLACE;166;3290;3701;4524;4935;FALSE;ODIN'S HORNS;GRIPS OF DELIRIUM;IRONFORCE LAW
NECRO;SPECTRAL EYE PENDANT;ATTACK;NECKLACE;166;4524;4935;3290;3701;FALSE;THUNDERBOLT CROWN;COBALT COMPASS;DARKSPELL HOOD
THUNDER;THUNDER BREAKER;MAGIC;NECKLACE;166;3290;3701;4524;4935;FALSE;ODIN'S HORNS;GRIPS OF DELIRIUM;IRONFORCE LAW
LAVA;IGNIS PHYLACTERY;MAGIC;NECKLACE;166;3290;3701;4524;4935;FALSE;ODIN'S HORNS;GRIPS OF DELIRIUM;IRONFORCE LAW
NOBLE;REGIS LEONIS PENDANT;DEFENSE;NECKLACE;165;3272;4499;4908;3681;FALSE;IRONPAWS;OBEDIENCE PUPPET;DRACONIS ARMOR
SHADOW;SHADOWSONG PENDANT;MAGIC;NECKLACE;164;3219;3621;4426;4828;FALSE;SHADOWCROWN;HEXE GAUNTLETS;HELL'S HAMMER
HEX;WITCHCRAFTER PENDANT;ATTACK;NECKLACE;164;4450;4855;3237;3641;FALSE;IRONJAW;SHADOWFANG POISON;DRAGONHORN CROWN
THUNDER;FULGURE NECKLACE;DEFENSE;NECKLACE;164;3254;4475;4881;3661;FALSE;BOLT BOOTS;SPOOKER;HEXODUS SPELLPLATE
VENOM;RED WIDOW;ATTACK;NECKLACE;164;4450;4855;3237;3641;FALSE;IRONJAW;SHADOWFANG POISON;DRAGONHORN CROWN
SACRED;STAR OF TRANSCENDENCE;ATTACK;NECKLACE;158;4304;4695;3130;3521;FALSE;SOUL EATER JAWS;RING OF THE UNDEAD;DARK OVERLORD HORRORPLATE
NECRO;SPELLBINDER PENDANT;DEFENSE;NECKLACE;156;3077;4230;4615;3461;FALSE;SOUL EATER RUNEBOOTS;ARCHANGELIC GAZE;BEHEMOTH BATTLEPLATE
BEAST;BLITZKRIEG PENDANT;DEFENSE;NECKLACE;156;3094;4255;4642;3481;FALSE;BEHEMOTH WARBOOTS;DEMONSEED;SOUL EATER JAWS
DRAGON;DRACCA PENDANT;ATTACK;NECKLACE;156;4255;4642;3094;3481;FALSE;HELMET OF CHAOS;HORN OF BLIZZARD;FOREST GUARDIAN CROWN
DEATH;RISE INCUBUS PENDANT;MAGIC;NECKLACE;154;3059;3441;4206;4588;FALSE;DARK OVERLORD CROWN;FOREST GUARDIAN GLOVES;ARCHANGELIC GREATPLATE
LAVA;INFERNAL FURNACE;DEFENSE;NECKLACE;152;3006;4133;4508;3381;FALSE;HELLRAISER WARBOOTS;DRAGON HATCHLING;FOREST GUARDIAN SPIRITPLATE
NATURE;ENT HEART PENDANT;ATTACK;NECKLACE;150;4108;4482;2988;3361;FALSE;BEHEMOTH GREATHELM;CRIMSON BLOOD;SPELLBINDER PENDANT
ICE;GLACIER HEART;MAGIC;NECKLACE;150;2970;3341;4084;4455;FALSE;ICE WARLORD CROWN;DRAGONCLAWS;HORN OF CARNAGE
VENOM;DUSK BUTTERFLY'S GRACE;ATTACK;RING;311;7100;11600;6150;6175;FALSE;MIDNIGHT FLYTRAP;INSECT NIMBLENESS;EQUILIBRIUM STAR
WIND;YOUR FAVORITE POISON;HEALTH;RING;313;14981;5064;4738;4670;TRUE;HONORIFIC MEDAL;STAMP OF INDEPENDENT;MAGICIAN'S TOKEN
SACRED;TEMPLAR'S LAST STAND;DEFENCE;RING;300;4457;4962;14310;4457;TRUE;GODDESS' MEMORY;TRANSGRESSOR'S SPIRIT;STAR OF SKYWEAVER
WIND;STAR OF SKYWEAVER;MAGIC;RING;298;4378;4463;5052;14231;TRUE;BREATH OF LIFE;WINDWALKER'S BROOCH;ACHIENT GUARD
SACRED;EQUILIRIUM STAR;MAGIC;RING;298;5723;5876;7029;11056;FALSE;PILGRIM'S PRIDE;PROPHET'S BRACER;CYCLONE HEART
ABYSS;SPELL OF SPRING;MAGIC;RING;296;4463;4631;4986;13803;TRUE;SPRING BLESSING;BLOOMING STRIKE;CHAIN LIGHTNING
HEX;ACHIENT GUARD;DEFENCE;RING;295;4457;4962;13886;4373;TRUE;OLD ONE'S BLESSING;CURSE OF THE DEPTHS;NORTHERN HEX
WIND;STORM SHARD;DEFENCE;RING;295;5736;7077;10715;5783;FALSE;MISTRAL SCRAPE;ZEPHYR SASHAYS;OLD ONE'S SCRIPTURE
HEX;RING OF SLUMBER;ATTACK;RING;293;6845;10593;5871;5696;FALSE;ELDRITCH GRASP;ANCIENT BOOTS;FAVOR OF NORTH
ICE;GIFTING STAR;ATTACK;RING;285;4320;12956;4000;4720;TRUE;GINGER EFFIGY;BOUGHS GREEN;RUNE OF STRENGTH
ABYSS;NORTHERN HEX;MAGIC;RING;282;4294;4378;4884;12947;TRUE;ABYSSAL PROTECTION;RAIDER'S BLESSING;CHARGED GUARD
THUNDER;CHAIN LIGHTNING;ATTACK;RING;279;4240;12578;4000;4560;TRUE;CHARGED GUARD;FLASH OF HEALING;BREATH OF ICE
ABYSS;RAIDER'S RUNE;MAGIC;RING;279;5258;5643;6766;9918;FALSE;REACHERS OF THE NORTH;BOOTS OF THE VOYAGER;CHARGED KUNAI
THUNDER;BAND OF LIGHTNING;ATTACK;RING;276;6746;9801;5274;5499;FALSE;CHARGED GLOVES;GRAVES OF LIGHTNING;HEART OF GLACIER
ICE;ICEBREAKER RING;DEFENSE;RING;273;5456;6534;9652;5401;FALSE;MELTING FISTS;ICESTOMPER BOOTS;HEART OF THE ARCANE
MYTH;THANKFUL FOR DEFENCE;DEFENCE;RING;265;4289;4878;11488;4037;TRUE;THANKFUL FOR HEALTH;THANKFUL FOR ATTACK;THANKFUL FOR MAGIC
MYTH;THANKFUL FOR MAGIC;MAGIC;RING;265;4126;4294;4799;11556;TRUE;THANKFUL FOR HEALTH;THANKFUL FOR ATTACK;THANKFUL FOR DEFENCE
NECRO;PHANTOM'S MENACE;MAGIC;RING;262;4042;4294;4799;11342;TRUE;HALLOW'S HEALING;CUT TO THE CREEP;BITING GAZE
MYTH;DEATHLESS RING;MAGIC;RING;258;5158;5445;6368;8740;FALSE;ETERNITY GRASPERS;FORGOTTEN STOMPERS;BOOK OF LOST SOULS
NECRO;SOUL SCREAM SIGNET;ATTACK;RING;257;6448;8712;5075;5205;FALSE;GRASP OF THE PATRICIAN;REVENANT STOMPERS;PIERCING EYE
LAVA;MOLTEN BAND;MAGIC;RING;253;5059;5247;6368;8347;FALSE;CLAWS OF FIRE FURY;ENKINDLED STOMPERS;STONE MEMORY
SHADOW;SEER'S BAND;DEFENSE;RING;253;4960;6336;8557;5205;FALSE;GRASP OF THE BEHOLDER;CLAIRVOYANCE STOMPERS;EMBER HEART
NOBLE;ANCESTORS' CRAFT;ATTACK;RING;250;6349;8316;4975;5106;FALSE;STONE CRAFT GLOVES;MOUNTAIN LORD'S STOMPERS;SPLINTER OF CRIMSON
NATURE;RING OF STONE BINDING;MAGIC;RING;245;4861;5148;6269;7954;FALSE;STONE BRACERS;STOMPERS OF THE ELEMENTAL;DRACONIC LEGACY
DEATH;RING OF THE HARBINGER;DEFENSE;RING;245;4762;6138;8259;5106;FALSE;GRASPERS OF THE HARBINGER;OMINOUS WALKERS;GEM OF EARTH ELEMENTAL
DRAGON;DRAGON'S WHISPER RING;ATTACK;RING;244;6250;8019;4776;5106;FALSE;DRAGON JADE BRACERS;JADE GUARDIAN BOOTS;BEAST CHAMPION GOBLET
BEAST;BRAWLER'S VICTORY RING;DEFENSE;RING;238;4662;6138;7761;5008;FALSE;BESTIAL BRACERS;PRIMAL BRAWLER BOOTS;ICE TOOTH AND CLAW
ICE;FROZEN WILDS BRAND;MAGIC;RING;237;4762;4950;6169;7561;FALSE;SABRETOOTH CLAWS;WASTELANDS STOMPERS;PUTRID MISSILE
VENOM;RAT KING'S BITE;ATTACK;RING;236;6150;7524;4677;5008;FALSE;POISONER'S BRACERS;PLAGUE STOMPERS;CALL OF SHADOWS
WIND;RING OF THE SMOKE AND MIRRORS;DEFENSE;RING;231;4662;6039;7164;5008;FALSE;BRACERS OF THE SLEIGHT OF HAND;BOOTS OF THE EVERNIGHT;HEART VESSEL
NOBLE;SIGIL OF RENOWN;ATTACK;RING;228;6051;7029;4677;4812;FALSE;BRACERS OF THE DEFENDER;CRUSADER STOMPERS;RUNESKULL
MYTH;SACRED LANDS SEAL;MAGIC;RING;228;4563;4950;6070;6972;FALSE;PROTECTOR OF TOMBS BRACERS;SOUL GUARDIAN BOOTS;CHALICE OF THE OATH
THUNDER;BOLT OF LIGHTNING RING;ATTACK;RING;216;5654;6633;4378;4714;FALSE;WARFISTS OF THUNDER;THUNDERBOLT STOMPERS;PERIAPT OF FLAMES
HEX;RING OF SECOND CHANCE;DEFENSE;RING;216;4365;5643;6667;4714;FALSE;BRACERS OF DEFLECTION;TRICKSTER STOMPERS;SEAFARER'S SPYGLASS
ABYSS;RING OF THE CURSED DEPTHS;MAGIC;RING;215;4464;4653;5572;6579;FALSE;GRIPS OF THE DEPTHS;CURSED PLANK WALKERS;SPHERE OF THE TEMPEST
SACRED;TRIUMPHANT THUMP RING;ATTACK;RING;203;5500;6269;4075;4356;FALSE;GLOVES OF TOTAL TRIUMPH;TRIUMPHANT WALK BOOTS;SACRED STAG CROWN
SHADOW;RING OF FOLKLORE;MAGIC;RING;202;4266;4356;5473;5892;FALSE;ONI GRABBERS;CLAWS OF ONI;THE SACRED CLAW
DRAGON;RING OF AVARICE;DEFENSE;RING;202;4067;5445;6070;4419;FALSE;FIRE-FORGED CLAWS;WAR-FORGED STOMPERS;ONI TOTEM
NATURE;RING OF PRIMEVAL FOREST;MAGIC;RING;191;3939;4166;5263;5597;FALSE;GLOVES OF WILDERNESS;MALACHITE CRYSTAL PENDANT;PHOENIX PALADIN ARMOR
NECRO;MALACHITE SKULL RING;DEFENSE;RING;189;3770;5247;5572;4124;FALSE;GREEN FANG GLOVES;GOLDEN REVIVAL NECKLACE;SCARLET SCORPIO ARMOR
LAVA;INNER FLAME RING;ATTACK;RING;187;5100;5672;3678;4158;FALSE;CARVED FLAMING GLOVES;BOOTS OF BITTERNESS;GRIMLORD ARMOR
MYTH;SPIRIT TAMER RING;DEFENSE;RING;186;3663;5037;5495;4121;FALSE;GLOVES OF DEXTERITY;MANTICORE WALKERS;CRIMSON COUNT CARAPACE
DEATH;GRIM REAPER RING;DEFENSE;RING;186;3670;5148;5555;4026;FALSE;GRIM GRIPS;BATTLE BULL ARMOR;ZEPHYR WALKERS
VENOM;VENOM VIOLENCE RING;MAGIC;RING;186;3737;4067;5164;5499;FALSE;TAINTED GLOVES;ZEPHYROS ARMOR;THICK ICE STOMPERS
ICE;BROKEN ICE RING;DEFENSE;RING;185;3663;5049;5544;4018;FALSE;ICE HUNT GLOVES;SKYROAR NECKLACE;ATLANTIS ARMOR
NATURE;RING OF THE ANCIENT POWER;DEFENSE;RING;185;3663;5049;5544;4018;FALSE;ICE HUNT GLOVES;SKYROAR NECKLACE;ATLANTIS ARMOR
HEX;BAT'S BITE RING;DEFENSE;RING;185;3663;5049;5544;4018;FALSE;ICE HUNT GLOVES;SKYROAR NECKLACE;ATLANTIS ARMOR
BEAST;IVORY HORNS RING;MAGIC;RING;183;3737;3861;5148;5390;FALSE;BULL GLOVES;WAR EAGLE PENDANT;BULL STOMPERS
WIND;RING OF ATMOSPHERES;ATTACK;RING;183;4975;5488;3625;4063;FALSE;WIND WHISPER GLOVES;VAMPIRIC BOOTS;WIND CRYSTAL PENDANT
MYTH;COBRA CORONET;ATTACK;RING;183;4975;5488;3625;4063;FALSE;WIND WHISPER GLOVES;VAMPIRIC BOOTS;WIND CRYSTAL PENDANT
WIND;ZEPHYRUS CLASP;MAGIC;RING;183;3737;3861;5148;5390;FALSE;BULL GLOVES;WAR EAGLE PENDANT;BULL STOMPERS
HEX;CRIMSON COUNT RING;MAGIC;RING;182;3610;4061;4963;5415;FALSE;BAT GLOVES;MANTICORE ARMOR;SORCERY STOMPS
NOBLE;WINGED LION RING;ATTACK;RING;182;4963;5415;3610;4061;FALSE;ALABASTER GLOVES;VAMPIRIC BOOTS;DRAGON PRIEST ARMOR
DRAGON;SERPENTER RING;DEFENSE;RING;181;3574;4914;5361;4021;FALSE;PAWS OF MAGIC;OWL KING CROWN;LAVALORD RING
SHADOW;OWLER RING;ATTACK;RING;181;4939;5388;3592;4041;FALSE;SHADOW CLAWS;THUNDERWALK BOOTS;LAVALORD ARMOR
THUNDER;THUNDER RULER RING;MAGIC;RING;181;3592;4041;4939;5388;FALSE;IRONSTRIKE GLOVES;SHADOW OWL ARMOR;BASALT STOMPERS
ABYSS;TRICOLOR SNAKE RING;DEFENSE;RING;181;3574;4914;5361;4021;FALSE;KRAKEN GLOVES;IVORY VISOR;SERPENTER RING
SHADOW;SHADOWHAND SIGNET;MAGIC;RING;181;3592;4041;4939;5388;FALSE;IRONSTRIKE GLOVES;SHADOW OWL ARMOR;BASALT STOMPERS
LAVA;ELEMENTAL STONE RING;DEFENSE;RING;181;3574;4914;5361;4021;FALSE;PAWS OF MAGIC;OWL KING CROWN;LAVALORD RING
ABYSS;KRAKEN'S OATH;ATTACK;RING;181;4939;5388;3592;4041;FALSE;SHADOW CLAWS;THUNDERWALK BOOTS;LAVALORD ARMOR
VENOM;ENDLESS COMA RING;ATTACK;RING;178;4841;5281;3521;3961;FALSE;WEB WEAVERS;SACRED PATH BOOTS;HELLGATE ARMOR
NECRO;RING OF TORMENT;ATTACK;RING;178;4841;5281;3521;3961;FALSE;WEB WEAVERS;SACRED PATH BOOTS;HELLGATE ARMOR
SACRED;HUNDRED BLESSINGS RING;MAGIC;RING;176;3485;3921;4792;5228;FALSE;GLOVES OF GRACE;GREAT PREDATOR CARAPACE;DIABOLIC STOMPERS
LAVA;CLAW OF FIRE;MAGIC;RING;176;3485;3921;4792;5228;FALSE;GLOVES OF GRACE;GREAT PREDATOR CARAPACE;DIABOLIC STOMPERS
SHADOW;STRIKER RING;MAGIC;RING;176;3485;3921;4792;5228;FALSE;GLOVES OF GRACE;GREAT PREDATOR CARAPACE;DIABOLIC STOMPERS
LAVA;LAVALORD RING;DEFENSE;RING;174;3450;4743;5175;3881;FALSE;VOLCANIC GLOVES;TOXIC GRIN;BAAL'S FANG RING
SACRED;EVILIRION RING;ATTACK;RING;174;4719;5148;3432;3861;FALSE;GUIDING FIRE;PATHSEEKER PENDANT;CLAWS OF BLIZZARD
VENOM;SPIKE VIPER RING;MAGIC;RING;174;3450;3881;4743;5175;FALSE;GUIDING FIRE;PATHSEEKER PENDANT;CLAWS OF BLIZZARD
WIND;BEWITCHED BLAST RING;DEFENSE;RING;174;3450;4743;5175;3881;FALSE;VOLCANIC GLOVES;TOXIC GRIN;BAAL'S FANG RING
BEAST;KARMA SERPENT RING;DEFENSE;RING;174;3450;4743;5175;3881;FALSE;VOLCANIC GLOVES;TOXIC GRIN;BAAL'S FANG RING
NATURE;RING OF LABYRINTH;MAGIC;RING;172;3414;3841;4695;5121;FALSE;GRAPEVINE GLOVES;CURSED ICEBERG ARMOR;AIRWALKER BOOTS
NECRO;PERPETUAL TORMENT RING;DEFENSE;RING;172;3414;4695;5121;3841;FALSE;PATHSEEKER PENDANT;INNER FIRE PENDANT;RED DEVIL
DRAGON;RUNIC DRAGON RING;DEFENSE;RING;172;3414;4695;5121;3841;FALSE;RISE INCUBUS PENDANT;DUAL FORCE RING;DRACONIS ARMOR
SHADOW;RING OF TREACHEROUS WHISPERS;MAGIC;RING;172;3414;3841;4695;5121;FALSE;GRAPEVINE GLOVES;CURSED ICEBERG ARMOR;AIRWALKER BOOTS
ICE;GLACIER DRAGON RING;DEFENSE;RING;172;3414;4695;5121;3841;FALSE;PATHSEEKER PENDANT;INNER FIRE PENDANT;RED DEVIL
NOBLE;RING OF RUNIC RULES;MAGIC;RING;172;3414;3841;4695;5121;FALSE;GRAPEVINE GLOVES;CURSED ICEBERG ARMOR;AIRWALKER BOOTS
ABYSS;SEA SERPENT SIGNET;MAGIC;RING;172;3414;3841;4695;5121;FALSE;GRAPEVINE GLOVES;CURSED ICEBERG ARMOR;AIRWALKER BOOTS
DRAGON;RING OF WYVERN'S SIGHT;MAGIC;RING;172;3414;3841;4695;5121;FALSE;GRAPEVINE GLOVES;CURSED ICEBERG ARMOR;AIRWALKER BOOTS
DEATH;BAAL'S FANG RING;DEFENSE;RING;170;3361;4621;5041;3781;FALSE;DEVIL'S GRIP GLOVES;ICE CROWN;WHIRLWIND RING
THUNDER;THUNDERLORD RING;MAGIC;RING;170;3379;3801;4646;5068;FALSE;DEVIL'S GRIP GLOVES;GLACIER STOMPERS;FATAL BITE RING
NATURE;VIOLET VINE RING;MAGIC;RING;170;3361;3781;4621;5041;FALSE;ICE CROWN;HELLGATE ARMOR;GLOVES OF BRUTALITY
BEAST;SLAYER'S RING;ATTACK;RING;169;4597;5015;3343;3761;FALSE;GLOVES OF BRUTALITY;BOOTS OF DESTINY;SEASNAKE CHESTPIECE
ICE;GLACIER BEAST RING;ATTACK;RING;169;4597;5015;3343;3761;FALSE;CLAWS OF BLIZZARD;PATH SEEKERS;WINDWOLF ARMOR
DEATH;LOST CHANCE RING;ATTACK;RING;169;4597;5015;3343;3761;FALSE;GLOVES OF BRUTALITY;BOOTS OF DESTINY;SEASNAKE CHESTPIECE
SACRED;RING OF PURGING FLAME;ATTACK;RING;169;4597;5015;3343;3761;FALSE;CLAWS OF BLIZZARD;PATH SEEKERS;WINDWOLF ARMOR
MYTH;FATAL BITE RING;MAGIC;RING;168;3325;3741;4572;4988;FALSE;PROPHECY GLOVES;TORTURE TYRANT ARMOR;FJORD RUNNERS
HEX;MAD CROWN RING;MAGIC;RING;168;3325;3741;4572;4988;FALSE;PROPHECY GLOVES;TORTURE TYRANT ARMOR;FJORD RUNNERS
NECRO;SILENT SCREAM RING;MAGIC;RING;167;3308;3721;4548;4961;FALSE;GRIPS OF DELIRIUM;THUNDERLORD ARMOR;SHADOWSCALES
THUNDER;RING OF IGNITION;ATTACK;RING;166;4524;4935;3290;3701;FALSE;VOLTAGE GRIPS;SPECTRE WALKERS;SHADOWFALL ARMOR
WIND;WHIRLWIND RING;DEFENSE;RING;166;3290;4524;4935;3701;FALSE;MISTRAL GRIPS;HUNTER HORNS;RING OF SEVEN SEAS
HEX;CURSED CROW RING;MAGIC;RING;165;3272;3681;4499;4908;FALSE;HEXE GAUNTLETS;IRONLION GREATPLATE;ICE WARLORD WARBOOTS
DRAGON;FIREBREATH RING;MAGIC;RING;164;3254;3661;4475;4881;FALSE;DRAGONCLAWS;HELLRAISER CARAPACE;GREAVES OF DOOM
NOBLE;IRONFORCE RING;ATTACK;RING;164;4450;4855;3237;3641;FALSE;STEELCLAWS;CURSED CLAWS;ICE WARLORD BATTLEPLATE
ABYSS;RING OF SEVEN SEAS;DEFENSE;RING;164;3254;4475;4881;3661;FALSE;TENTACLE GRIPS;THUNDERBOLT CROWN;RING OF BETRAYAL
BEAST;BLOODSHED RING;ATTACK;RING;161;4401;4802;3201;3601;FALSE;BEHEMOTH WARFISTS;FOREST GUARDIAN BOOTS;SOUL EATER CARAPACE
SHADOW;RING OF BETRAYAL;DEFENSE;RING;160;3148;4328;4722;3541;FALSE;GRIPS OF GLOOM;IRONJAW;ICE BRIDE RING
NATURE;DUAL FORCE RING;MAGIC;RING;158;3130;3521;4304;4695;FALSE;FOREST GUARDIAN GLOVES;BEHEMOTH BATTLEPLATE;GREAVES OF DOOM
NECRO;RING OF THE UNDEAD;ATTACK;RING;156;4255;4642;3094;3481;FALSE;SOUL EATER RUNEWRAPS;ARCHANGELIC GREATPLATE;BEHEMOTH WARFISTS
SACRED;SELF-SACRIFICE RING;MAGIC;RING;156;3112;3501;4279;4668;FALSE;HANDS OF GOD;ELIXIR OF VITALITY;CLAWS OF CRUELTY
LAVA;BLISSFUL TORMENT RING;ATTACK;RING;156;4230;4615;3077;3461;FALSE;HELLRAISER CHAINWRAPS;DRAGONSCALES;DARK OVERLORD HORRORPLATE
DEATH;RING OF PURGATORY;DEFENSE;RING;154;3041;4181;4562;3421;FALSE;CLAWS OF CRUELTY;BEHEMOTH GREATHELM;ARCHANGELIC GREATPLATE
ICE;ICE BRIDE RING;DEFENSE;RING;153;3023;4157;4535;3401;FALSE;ICE WARLORD HANDWRAPS;HELMET OF CHAOS;RING OF PURGATORY
VENOM;POISON CENTIPEDE'S VIRULENCE;DEFENSE;TALISMAN;311;6082;7043;11542;6313;FALSE;CHITINOUS ASSASSIN'S ARMOR;MIDNIGHT FLYTRAP;THE ARBITER
WIND;STAMP OF INDEPENDENT;DEFENCE;TALISMAN;313;4749;5214;15052;4468;TRUE;YOUR FAVORITE POISON;HONORIFIC MEDAL;CURSE OF THE DEPTHS
WIND;MAGICIAN'S TOKEN;MAGIC;TALISMAN;313;4547;4799;5052;15052;TRUE;YOUR FAVORITE POISON;HONORIFIC MEDAL;ACHIENT GUARD
HEX;SPECIAL SPIDER SPELL;MAGIC;TALISMAN;311;4463;4794;5161;14994;TRUE;OLD ONE'S BLESSING;PROTECTIVE COCOON;WEBBED CHARM
HEX;WEBBED CHARM;MAGIC;TALISMAN;311;4479;4889;5076;14966;TRUE;CURSE OF THE DEPTHS;SPECIAL SPIDER SPELL;PROTECTIVE COCOON
HEX;PROTECTIVE COCOON;DEFENCE;TALISMAN;311;4805;5142;14980;4484;TRUE;ACHIENT GUARD;WEBBED CHARM;SPECIAL SPIDER SPELL
SACRED;TRANSGRESSOR'S SPIRIT;ATTACK;TALISMAN;300;4823;14270;4399;4720;TRUE;TEMPLAR'S LAST STAND;GODDESS' MEMORY;WINDWALKER'S BROOCH
WIND;WINDWALKER'S BROOCH;ATTACK;TALISMAN;298;4505;14191;4368;5100;TRUE;STAR OF SKYWEAVER;BREATH OF LIFE;CURSE OF THE DEPTHS
WIND;CYCLONE HEART;MAGIC;TALISMAN;296;5615;5882;7015;11042;FALSE;AEOLIAN LIGHTS ARMOR;MISTRAL SCRAPE;ANCIENT BOOTS
SACRED;INVIOLABLE CORE;ATTACK;TALISMAN;296;7057;10867;5553;6078;FALSE;CELESTIAL GUARDIAN ARMOUR;PILGRIM'S PRIDE;TEMPEST SASH
ABYSS;BLOOMING STRIKE;ATTACK;TALISMAN;296;4400;13700;4240;4720;TRUE;SPRING BLESSING;FLOWER BARRIER;FLASH OF HEALING
ABYSS;FLOWER BARRIER;DEFENCE;TALISMAN;296;4626;5130;13674;4289;TRUE;SPRING BLESSING;BLOOMING STRIKE;CHARGED GUARD
HEX;CURSE OF THE DEPTHS;ATTACK;TALISMAN;295;4240;13847;4160;4720;TRUE;ACHIENT GUARD;OLD ONE'S BLESSING;RAIDER'S BLESSING
HEX;OLD ONE'S SCRIPTURE;ATTACK;TALISMAN;292;6797;10568;5928;5774;FALSE;ELDRITCH MASTER ARMOR;ELDRITCH GRASP;BOOTS OF THE VOYAGER
ICE;GINGER EFFIGY;HEALTH;TALISMAN;285;13054;4980;4568;4245;FALSE;GIFTING STAR;BOUGHS GREEN;RUNE OF CONSTITUTION
ABYSS;RAIDER'S BLESSING;ATTACK;TALISMAN;282;4240;12790;4080;4560;TRUE;NORTHERN HEX;ABYSSAL PROTECTION;CHAIN LIGHTNING
THUNDER;FLASH OF HEALING;HEALTH;TALISMAN;279;12685;4895;4399;4245;FALSE;CHAIN LIGHTNING;CHARGED GUARD;ABYSSAL PROTECTION
ABYSS;FAVOR OF NORTH;DEFENSE;TALISMAN;278;5418;6680;9880;5611;FALSE;ABYSSAL RAIDER ARMOR;REACHERS OF THE NORTH;GRAVES OF LIGHTNING
ICE;BREATH OF ICE;MAGIC;TALISMAN;277;4294;4378;4968;12305;TRUE;COLD COMFORT;CRACKING ICE RUNE;RUNE OF CONSTITUTION
THUNDER;CHARGED KUNAI;MAGIC;TALISMAN;277;5319;5583;6718;10029;FALSE;LIGHTNING STRIKER ARMOR;CHARGED GLOVES;ICESTOMPER BOOTS
ICE;HEART OF GLACIER;ATTACK;TALISMAN;274;6501;9671;5632;5470;FALSE;ICE SENTINEL ARMOR;MELTING FISTS;FORGOTTEN STOMPERS
MYTH;RUNE OF STRENGTH;ATTACK;TALISMAN;264;4160;11416;3760;4560;TRUE;RUNE OF CONSTITUTION;VISOR OF TIME;TRADING SOULS
NECRO;SOUL SENTRY;DEFENSE;TALISMAN;262;4289;4794;11236;4037;TRUE;TRADING SOULS;UNDEAD PATRICIAN GUARD;GRASPING PROPHECY
NECRO;HALLOW'S HEALING;HEALTH;TALISMAN;262;11300;4811;4315;4075;FALSE;CUT TO THE CREEP;PHANTOM'S MENACE;TRADING SOULS
MYTH;HEART OF THE ARCANE;DEFENSE;TALISMAN;260;5024;6481;8793;5311;FALSE;THE TIMELESS ARCANIST ARMOR;ETERNITY GRASPERS;REVENANT STOMPERS
SHADOW;BITING GAZE;MAGIC;TALISMAN;259;3957;4294;4799;11128;TRUE;GRASPING PROPHECY;CLAIRVOYANCE STOMPERS;CAUTERISER
LAVA;HEART OF BATTLE;ATTACK;TALISMAN;257;4080;10761;3760;4560;TRUE;CAUTERISER;MOLTEN HELM;HEART OF STONE
NECRO;BOOK OF LOST SOULS;MAGIC;TALISMAN;257;5122;5284;6521;8712;FALSE;REVENANT RULER ARMOUR;GRASP OF THE PATRICIAN;CLAIRVOYANCE STOMPERS
NOBLE;MINE SHIELD;DEFENSE;TALISMAN;255;4289;4794;10494;4037;TRUE;HEART OF STONE;MINE OVERSEER HELM;OMINOUS SALVATION
SHADOW;PIERCING EYE;ATTACK;TALISMAN;253;6304;8574;4940;5369;FALSE;SEER OF SHADOWS ARMOR;GRASP OF THE BEHOLDER;ENKINDLED STOMPERS
LAVA;EMBER HEART;DEFENSE;TALISMAN;252;4925;6381;8398;5311;FALSE;THE ENKINDLED ARMOR;CLAWS OF FIRE FURY;MOUNTAIN LORD'S STOMPERS
DEATH;CRIMSON SPELLBOUND;MAGIC;TALISMAN;251;3864;4284;4788;10379;TRUE;OMINOUS SALVATION;GRASPERS OF THE HARBINGER;EARTH'S BLESSING
NATURE;STONE OFFENSE;ATTACK;TALISMAN;250;4080;10023;3760;4560;TRUE;STOMPERS OF THE ELEMENTAL;EARTH'S BLESSING;JADE HAVEN
NOBLE;STONE MEMORY;MAGIC;TALISMAN;250;4925;5184;6323;8509;FALSE;LORD OF THE MOUNTAIN ARMOR;STONE CRAFT GLOVES;OMINOUS WALKERS
DRAGON;JADE STRONGHOLD;DEFENSE;TALISMAN;248;4284;4788;9752;4032;TRUE;MANTLE OF DRACONIC DUTY;JADE HAVEN;LAUREL OF MERCY
DEATH;SPLINTER OF CRIMSON;ATTACK;TALISMAN;246;6206;8275;4841;5166;FALSE;THE CRIMSON OMEN ARMOR;GRASPERS OF THE HARBINGER;STOMPERS OF THE ELEMENTAL
BEAST;BRAWLER'S BOON;MAGIC;TALISMAN;245;3864;4284;4788;9737;TRUE;LAUREL OF MERCY;BRAWLER GUARD;CHAMPION'S FERAL LUCK
NATURE;GEM OF EARTH ELEMENTAL;DEFENSE;TALISMAN;245;4827;6181;8102;5268;FALSE;EARTH ELEMENTAL ARMOR;STONE BRACERS;JADE GUARDIAN BOOTS
ICE;FURY OF CLAWS;ATTACK;TALISMAN;243;4000;9495;3680;4560;TRUE;REMEDY RUNE;ICE HUNTER GUARD;WASTELANDS STOMPERS
DRAGON;DRACONIC LEGACY;MAGIC;TALISMAN;243;4728;5085;6224;8205;FALSE;JADE GUARDIAN ARMOR;DRAGON JADE BRACERS;PRIMAL BRAWLER BOOTS
BEAST;BEAST CHAMPION GOBLET;ATTACK;TALISMAN;238;6107;7777;4742;5065;FALSE;BEAST BRAWLER ARMOR;BESTIAL BRACERS;WASTELANDS STOMPERS
VENOM;REMEDY RUNE;HEALTH;TALISMAN;237;9044;4704;4200;3864;FALSE;POISONER'S BRACERS;SONG OF PEACE;FROZEN REPOSE
ICE;ICE TOOTH AND CLAW;DEFENSE;TALISMAN;237;4728;6082;7608;5166;FALSE;SABRETOOTH ARMOR;SABRETOOTH CLAWS;PLAGUE STOMPERS
VENOM;PUTRID MISSILE;MAGIC;TALISMAN;235;4630;4985;6126;7699;FALSE;POISON MASTER CARAPACE;POISONER'S BRACERS;BOOTS OF THE EVERNIGHT
MYTH;JACKAL'S STRIKE;ATTACK;TALISMAN;233;4704;8560;3948;4200;TRUE;GOLDEN JACKAL HELM;SOUL GUARDIAN BOOTS;GOLDEN JACKAL'S PROTECTION
WIND;CALL OF SHADOWS;ATTACK;TALISMAN;232;6009;7278;4742;5065;FALSE;THE EVERNIGHT ARMOR;BRACERS OF THE SLEIGHT OF HAND;SOUL GUARDIAN BOOTS
WIND;SONG OF PEACE;HEALTH;TALISMAN;232;8717;4788;3948;3864;FALSE;CALL OF SHADOWS;BOOTS OF THE EVERNIGHT;AFTERLIFE GUARDIAN
NOBLE;CHALICE OF THE OATH;MAGIC;TALISMAN;228;4531;4885;6126;7192;FALSE;LIONHEART CRUSADER ARMOR;BRACERS OF THE DEFENDER;TRICKSTER STOMPERS
MYTH;HEART VESSEL;DEFENSE;TALISMAN;228;4630;5882;7114;5065;FALSE;GUARDIAN OF THE AFTERLIFE ARMOR;PROTECTOR OF TOMBS BRACERS;CRUSADER STOMPERS
NOBLE;HONOURED STRIKE;ATTACK;TALISMAN;227;4704;8190;3864;3948;TRUE;SIGIL OF RENOWN;BRACERS OF THE DEFENDER;RUNESKULL
HEX;STRIKING CLAWS;ATTACK;TALISMAN;219;4536;7665;3780;3948;TRUE;TRICKSTER PRINCE ARMOR;RUNESKULL;DREAD CAPTAIN'S MANTLE
THUNDER;JOLT OF LIGHTNING;HEALTH;TALISMAN;217;7560;4845;4185;3999;FALSE;DRAGON'S VITALITY;DRAGOVITUS;HEALING SPARK
ABYSS;SEA HAG'S BLESSING;ATTACK;TALISMAN;217;4452;7560;3780;3948;TRUE;GRIPS OF THE DEPTHS;RING OF THE CURSED DEPTHS;SPHERE OF THE TEMPEST
HEX;RUNESKULL;ATTACK;TALISMAN;216;5615;6780;4347;4761;FALSE;TRICKSTER PRINCE ARMOR;BRACERS OF DEFLECTION;CURSED PLANK WALKERS
ABYSS;SEAFARER'S SPYGLASS;DEFENSE;TALISMAN;215;4433;5583;6620;4761;FALSE;CURSED SEAFARER ARMOR;GRIPS OF THE DEPTHS;THUNDERBOLT STOMPERS
THUNDER;SPHERE OF THE TEMPEST;MAGIC;TALISMAN;214;4236;4786;5533;6787;FALSE;KNIGHT OF THE TEMPEST ARMOR;WARFISTS OF THUNDER;WAR-FORGED STOMPERS
DRAGON;PERIAPT OF FLAMES;ATTACK;TALISMAN;203;5418;6181;4150;4457;FALSE;CINDERLORD'S CARAPACE;FIRE-FORGED CLAWS;CLAWS OF ONI
SHADOW;ONI TOTEM;DEFENSE;TALISMAN;202;4334;5384;5928;4457;FALSE;ONI WARRIOR ARMOR;ONI GRABBERS;TRIUMPHANT WALK BOOTS
SACRED;THE SACRED CLAW;MAGIC;TALISMAN;200;3940;4500;5274;6169;FALSE;TOTAL TRIUMPH CARAPACE;GLOVES OF TOTAL TRIUMPH;RING OF PRIMEVAL FOREST
DRAGON;DRAGOVITUS;HEALTH;TALISMAN;198;6405;3640;4675;3822;FALSE;PERIAPT OF FLAMES;CINDERLORD'S CARAPACE;WAR-FORGED STOMPERS
NATURE;FOREST FOLKS HORN;DEFENSE;TALISMAN;191;3952;5210;5677;4171;FALSE;WILDERNESS WARRIOR ARMOR;GREEN FANG GLOVES;CARVED FLAMING BOOTS
NECRO;PHANTOM FLAME;ATTACK;TALISMAN;189;5122;5583;3853;4255;FALSE;MALACHITE PHANTOM ARMOR;CARVED FLAMING GLOVES;BOOTS OF BITTERNESS
LAVA;PHOENIX FEATHER;MAGIC;TALISMAN;187;3546;4300;4975;5759;FALSE;PHOENIX PALADIN ARMOR;VENOM VIOLENCE RING;GRIMLORD CROWN
DEATH;WHIP OF WEAKNESS;ATTACK;TALISMAN;186;5024;5484;3842;4145;FALSE;GRIMLORD ARMOR;RING OF ATMOSPHERES;BATTLE BULL CROWN
VENOM;SCORPIO FAMILIAR;DEFENSE;TALISMAN;186;3842;5100;5672;3873;FALSE;SCARLET SCORPIO ARMOR;BROKEN ICE RING;VEIL OF WIND
MYTH;GOBLET OF SPIRITS;ATTACK;TALISMAN;184;5009;5465;3643;4099;FALSE;SPIRIT MASTER ARMOR;BLACK BAT;ATLANTIS ARMOR
BEAST;HANK OF SAFETY;DEFENSE;TALISMAN;184;3724;5000;5643;3861;FALSE;BATTLE BULL ARMOR;TRICOLOR SNAKE RING;GLOVES OF DEXTERITY
ICE;MAMMOTH SKULL;ATTACK;TALISMAN;184;5013;5473;3645;4141;FALSE;MAMMOTH HUNTER ARMOR;GILLS OF THE ABYSS;MAMMOTH HUNTER CROWN
HEX;VAMPIRIC STING;DEFENSE;TALISMAN;183;3623;4982;5435;4076;FALSE;CRIMSON COUNT CARAPACE;SKYROAR NECKLACE;SHADOW TALONS
WIND;DEADLY TWINS;MAGIC;TALISMAN;183;3500;4158;4866;5643;FALSE;ZEPHYROS ARMOR;FEARLESS WALKERS;RUNEBOOK OF PEACE
NOBLE;RUNEBOOK OF PEACE;MAGIC;TALISMAN;182;3610;4061;4963;5415;FALSE;MANTICORE ARMOR;ABYSS STOMPERS;IRONSTRIKE GLOVES
MYTH;ETERNAL FLAME TALISMAN;MAGIC;TALISMAN;182;3610;4061;4963;5415;FALSE;MANTICORE ARMOR;ABYSS STOMPERS;IRONSTRIKE GLOVES
DRAGON;RED DRAGON EGG;ATTACK;TALISMAN;181;4939;5388;3592;4041;FALSE;DRAGON PRIEST ARMOR;THUNDERBEAR NECKLACE;ENDLESS COMA RING
SHADOW;POISON FEATHERS;MAGIC;TALISMAN;181;3574;4021;4914;5361;FALSE;SHADOW OWL ARMOR;SORCERY STOMPS;GLOVES OF GRACE
THUNDER;THUNDER BALL;DEFENSE;TALISMAN;181;3592;4939;5388;4041;FALSE;THUNDERBEAR ARMOR;NIGHT VISION NECKLACE;WALKERS OF AMBUSH
ABYSS;TENTACLE TALISMAN;ATTACK;TALISMAN;181;4939;5388;3592;4041;FALSE;ATLANTIS ARMOR;VAMPIRE CLAW NECKLACE;OWLER RING
ABYSS;LOST LAND COMPASS;DEFENSE;TALISMAN;181;3574;4914;5361;4021;FALSE;LAVALORD RING;BASALT MASK;DEVIL'S GRIP GLOVES
NONE;EASTER BASKET;ATTACK;TALISMAN;181;4914;5361;3574;4021;FALSE;THUNDERWALK BOOTS;THUNDERBEAR NECKLACE;TENTACLE TALISMAN
VENOM;STING SPINNER;DEFENSE;TALISMAN;181;3592;4939;5388;4041;FALSE;THUNDERBEAR ARMOR;NIGHT VISION NECKLACE;WALKERS OF AMBUSH
BEAST;FIGHTING SPIRIT;ATTACK;TALISMAN;181;4939;5388;3592;4041;FALSE;ATLANTIS ARMOR;VAMPIRE CLAW NECKLACE;OWLER RING
NATURE;DEMONROOT;DEFENSE;TALISMAN;181;3574;4914;5361;4021;FALSE;LAVALORD RING;BASALT MASK;DEVIL'S GRIP GLOVES
NOBLE;THE RUNIC SAGA;DEFENSE;TALISMAN;181;3592;4939;5388;4041;FALSE;THUNDERBEAR ARMOR;NIGHT VISION NECKLACE;WALKERS OF AMBUSH
VENOM;POISONOUS SURPRISE;ATTACK;TALISMAN;181;4939;5388;3592;4041;FALSE;ATLANTIS ARMOR;VAMPIRE CLAW NECKLACE;OWLER RING
NATURE;AUTUMN'S CALL;DEFENSE;TALISMAN;181;3592;4939;5388;4041;FALSE;THUNDERBEAR ARMOR;NIGHT VISION NECKLACE;WALKERS OF AMBUSH
SACRED;GOLDEN CODEX;DEFENSE;TALISMAN;178;3521;4841;5281;3961;FALSE;GOLDEN ARCHANGEL ARMOR;TINY ASSASSIN NECKLACE;GLACIER STOMPERS
ABYSS;ELDRITCH COMPANION;DEFENSE;TALISMAN;178;3521;4841;5281;3961;FALSE;GOLDEN ARCHANGEL ARMOR;TINY ASSASSIN NECKLACE;GLACIER STOMPERS
VENOM;VENOMOUS SPINNER;MAGIC;TALISMAN;177;3503;3941;4817;5255;FALSE;GREAT PREDATOR CARAPACE;BASALT STOMPERS;GRAPEVINE GLOVES
SACRED;TOME OF CLEAR THOUGHTS;MAGIC;TALISMAN;177;3503;3941;4817;5255;FALSE;GREAT PREDATOR CARAPACE;BASALT STOMPERS;GRAPEVINE GLOVES
THUNDER;THUNDER REBORN;MAGIC;TALISMAN;177;3503;3941;4817;5255;FALSE;GREAT PREDATOR CARAPACE;BASALT STOMPERS;GRAPEVINE GLOVES
NATURE;GUIDING FIRE;DEFENSE;TALISMAN;174;3450;4743;5175;3881;FALSE;STONE LABYRINTH ARMOR;ICE TEAR PENDANT;CORPSE DWELLER BOOTS
LAVA;BASALT MASK;ATTACK;TALISMAN;174;4719;5148;3432;3861;FALSE;LAVALORD ARMOR;SILVER SALVATION;GLACIER BEAST RING
BEAST;BEAST PRIEST DRUM;DEFENSE;TALISMAN;174;3450;4743;5175;3881;FALSE;LAVALORD RING;BASALT MASK;DEVIL'S GRIP GLOVES
NATURE;STONE SENTINEL;ATTACK;TALISMAN;174;4719;5148;3432;3861;FALSE;LAVALORD ARMOR;GUIDING FIRE;BAAL'S FANG RING
THUNDER;BLESSED BOLTS;ATTACK;TALISMAN;174;4719;5148;3432;3861;FALSE;LAVALORD ARMOR;GUIDING FIRE;BAAL'S FANG RING
SHADOW;GREEN VENOM;ATTACK;TALISMAN;174;4719;5148;3432;3861;FALSE;LAVALORD ARMOR;SILVER SALVATION;GLACIER BEAST RING
VENOM;SPINNER OF SPITE;ATTACK;TALISMAN;174;4719;5148;3432;3861;FALSE;LAVALORD ARMOR;SILVER SALVATION;GLACIER BEAST RING
NECRO;HOLLOW HAND TALISMAN;ATTACK;TALISMAN;174;4719;5148;3432;3861;FALSE;LAVALORD ARMOR;SILVER SALVATION;GLACIER BEAST RING
HEX;WITCH'S BELOVED;ATTACK;TALISMAN;174;4719;5148;3432;3861;FALSE;LAVALORD ARMOR;SILVER SALVATION;GLACIER BEAST RING
WIND;PERIAPT OF ZEPHYR;ATTACK;TALISMAN;174;4719;5148;3432;3861;FALSE;LAVALORD ARMOR;SILVER SALVATION;GLACIER BEAST RING
BEAST;CALL OF THE WILD;DEFENSE;TALISMAN;174;3450;4743;5175;3881;FALSE;STONE LABYRINTH ARMOR;ICE TEAR PENDANT;CORPSE DWELLER BOOTS
VENOM;BOTTLED BANE;ATTACK;TALISMAN;174;4719;5148;3432;3861;FALSE;LAVALORD ARMOR;SILVER SALVATION;GLACIER BEAST RING
DEATH;DEMON LEGION SCROLL;ATTACK;TALISMAN;170;4621;5041;3361;3781;FALSE;HELLGATE ARMOR;PATHSEEKER PENDANT;SLAYER'S RING
ICE;LIQUID ICE;MAGIC;TALISMAN;170;3379;3801;4646;5068;FALSE;CURSED ICEBERG ARMOR;DIABOLIC STOMPERS;PROPHECY GLOVES
SACRED;CRIMSON SKIES;MAGIC;TALISMAN;170;3379;3801;4646;5068;FALSE;HELLGATE ARMOR;CLAWS OF BLIZZARD;HUNTER HORNS
NOBLE;BOOK OF SEVEN VIRTUES;ATTACK;TALISMAN;170;4621;5041;3361;3781;FALSE;ICE TEAR PENDANT;RED DEVIL;SLAYER'S RING
ICE;CONE OF COLD;MAGIC;TALISMAN;170;3379;3801;4646;5068;FALSE;HELLGATE ARMOR;CLAWS OF BLIZZARD;HUNTER HORNS
BEAST;SKULL BONGO;MAGIC;TALISMAN;169;3343;3761;4597;5015;FALSE;TORTURE TYRANT ARMOR;AIRWALKER BOOTS;GRIPS OF DELIRIUM
MYTH;DRAGONFIRE POTION;DEFENSE;TALISMAN;169;3343;4597;5015;3761;FALSE;THE ALCHEMIST ARMOR;SAVAGE SHAMAN PENDANT;BOLT BOOTS
LAVA;BASALT CHISEL;MAGIC;TALISMAN;169;3343;3761;4597;5015;FALSE;TORTURE TYRANT ARMOR;AIRWALKER BOOTS;GRIPS OF DELIRIUM
DRAGON;WYVERN'S EGG;DEFENSE;TALISMAN;169;3343;4597;5015;3761;FALSE;THE ALCHEMIST ARMOR;SAVAGE SHAMAN PENDANT;BOLT BOOTS
NECRO;SPOOKER;DEFENSE;TALISMAN;168;3325;4572;4988;3741;FALSE;GHOST MONARCH ARMOR;FULGURE NECKLACE;IRONPAWS
NONE;JUBILEE TALISMAN;MAGIC;TALISMAN;168;3325;3741;4572;4988;FALSE;JUBILEE TALISMAN;DRAGONFIRE POTION;GHOST MONARCH ARMOR
MYTH;DRAGON TEARS;DEFENSE;TALISMAN;168;3325;4572;4988;3741;FALSE;GHOST MONARCH ARMOR;FULGURE NECKLACE;IRONPAWS
WIND;AIR BEAST ESSENCE;ATTACK;TALISMAN;167;4548;4961;3308;3721;FALSE;WINDWOLF ARMOR;ARCANE POTION PENDANT;RING OF IGNITION
THUNDER;BOLTS OF FURY;ATTACK;TALISMAN;167;4548;4961;3308;3721;FALSE;WINDWOLF ARMOR;ARCANE POTION PENDANT;RING OF IGNITION
NOBLE;IRONFORCE LAW;MAGIC;TALISMAN;166;3290;3701;4524;4935;FALSE;IRONLION GREATPLATE;SHADOWSCALES;DRAGONCLAWS
LAVA;TALISMAN OF THE MOLTEN TEARS;MAGIC;TALISMAN;166;3290;3701;4524;4935;FALSE;IRONLION GREATPLATE;SHADOWSCALES;DRAGONCLAWS
ABYSS;COBALT COMPASS;ATTACK;TALISMAN;165;4499;4908;3272;3681;FALSE;SEASNAKE CHESTPIECE;SPECTRAL EYE PENDANT;IRONFORCE RING
DRAGON;DRAGON HATCHLING;DEFENSE;TALISMAN;164;3237;4450;4855;3641;FALSE;DRACONIS ARMOR;INFERNAL FURNACE;BEHEMOTH WARBOOTS
HEX;OBEDIENCE PUPPET;DEFENSE;TALISMAN;164;3254;4475;4881;3661;FALSE;HEXODUS SPELLPLATE;REGIS LEONIS PENDANT;HELLRAISER WARBOOTS
THUNDER;BOLT BOUQUET;MAGIC;TALISMAN;164;3237;3641;4450;4855;FALSE;THUNDERLORD ARMOR;FJORD RUNNERS;HEXE GAUNTLETS
SACRED;SACRED TEAR;DEFENSE;TALISMAN;160;3165;4353;4748;3561;FALSE;ARCHANGELIC GREATPLATE;SOUL EATER RUNEBOOTS;GREAVES OF DOOM
DEATH;CRIMSON BLOOD;ATTACK;TALISMAN;160;4328;4722;3148;3541;FALSE;DARK OVERLORD HORRORPLATE;ENT HEART PENDANT;HANDS OF GOD
NATURE;DEMONSEED;DEFENSE;TALISMAN;160;3183;4377;4775;3581;FALSE;FOREST GUARDIAN SPIRITPLATE;BLITZKRIEG PENDANT;CLAWS OF CRUELTY
NONE;KITTER WARRIOR;MAGIC;TALISMAN;160;3183;3581;4377;4775;FALSE;IRONPAWS;COBALT COMPASS;WHIRLWIND RING
NONE;KITTER MAGE;ATTACK;TALISMAN;160;4377;4775;3183;3581;FALSE;REGIS LEONIS PENDANT;HEXODUS SPELLPLATE;GRIPS OF DELIRIUM
ICE;HORN OF BLIZZARD;ATTACK;TALISMAN;158;4304;4695;3130;3521;FALSE;ICE WARLORD BATTLEPLATE;DRACCA PENDANT;BLOODSHED RING
BEAST;HORN OF CARNAGE;MAGIC;TALISMAN;156;3094;3481;4255;4642;FALSE;BEHEMOTH BATTLEPLATE;GREAVES OF DOOM;SOUL EATER RUNEWRAPS
SHADOW;SHADOWFANG POISON;ATTACK;TALISMAN;156;4255;4642;3094;3481;FALSE;SHADOWFALL ARMOR;WITCHCRAFTER PENDANT;BLISSFUL TORMENT RING
NECRO;ELIXIR OF VITALITY;MAGIC;TALISMAN;152;3006;3381;4133;4508;FALSE;SOUL EATER CARAPACE;HANDS OF GOD;BEHEMOTH WARBOOTS
LAVA;HELL'S HAMMER;MAGIC;TALISMAN;150;2970;3341;4084;4455;FALSE;HELLRAISER CARAPACE;ICE WARLORD WARBOOTS;FOREST GUARDIAN GLOVES
