Emblem;Name;Type;Slot;Potential;Health;Attack;Defence;Magic;Link1;Link2;Link3;Col
NECRO;SOUL EATER JAWS;DEFENSE;HELM;153;3023;4157;4535;3401;STAR OF TRANSCENDENCE;SPELLBINDER PENDANT;DARK OVERLORD CROWN;D
NECRO;SOUL EATER CARAPACE;MAGIC;CHEST;156;3094;3481;4255;4642;ELIXIR OF VITALITY;SELF;BLITZKRIEG PENDANT;M
NECRO;SOUL EATER RUNEWRAPS;ATTACK;GLOVES;153;4157;4535;3023;3401;RING OF THE UNDEAD;SACRED TEAR;BLOODSHED RING;A
NECRO;SOUL EATER RUNEBOOTS;DEFENSE;BOOTS;154;3041;4181;4562;3421;SPELLBINDER PENDANT;FEET OF IMMORTALITY;HORN OF CARNAGE;D
NECRO;ELIXIR OF VITALITY;MAGIC;TALISMAN;152;3006;3381;4133;4508;SOUL EATER CARAPACE;HANDS OF GOD;BEHEMOTH WARBOOTS;M
NECRO;SPELLBINDER PENDANT;DEFENSE;NECKLACE;156;3077;4230;4615;3461;SOUL EATER RUNEBOOTS;ARCHANGELIC GAZE;BEHEMOTH BATTLEPLATE;D
NECRO;RING OF THE UNDEAD;ATTACK;RING;156;4255;4642;3094;3481;SOUL EATER RUNEWRAPS;ARCHANGELIC GREATPLATE;BEHEMOTH WARFISTS;A
SACRED;SELF-SACRIFICE RING;MAGIC;RING;156;3112;3501;4279;4668;HANDS OF GOD;ELIXIR OF VITALITY;CLAWS OF CRUELTY;M
SACRED;STAR OF TRANSCENDENCE;ATTACK;NECKLACE;158;4304;4695;3130;3521;SOUL EATER JAWS;RING OF THE UNDEAD;DARK OVERLORD HORRORPLATE;A
SACRED;SACRED TEAR;DEFENSE;TALISMAN;160;3165;4353;4748;3561;ARCHANGELIC GREATPLATE;SOUL EATER RUNEBOOTS;GREAVES OF DOOM;D
SACRED;FEET OF IMMORTALITY;ATTACK;BOOTS;153;4157;4535;3023;3401;ARCHANGELIC GAZE;SOUL EATER RUNEWRAPS;CRIMSON BLOOD;A
SACRED;HANDS OF GOD;MAGIC;GLOVES;161;3201;3601;4401;4802;SELF-SACRIFICE RING;SOUL EATER CARAPACE;RING OF PURGATORY;M
SACRED;ARCHANGELIC GREATPLATE;DEFENSE;CHEST;164;3219;4426;4828;3621;SACRED TEAR;SOUL EATER JAWS;RISE INCUBUS PENDANT;D
SACRED;ARCHANGELIC GAZE;DEFENSE;HELM;154;3059;4206;4588;3441;FEET OF IMMORTALITY;STAR OF TRANSCENDENCE;BEHEMOTH GREATHELM;D
DEATH;GREAVES OF DOOM;MAGIC;BOOTS;154;3059;3441;4206;4588;DARK OVERLORD CROWN;HORN OF CARNAGE;FEET OF IMMORTALITY;M
DEATH;CLAWS OF CRUELTY;DEFENSE;GLOVES;154;3041;4181;4562;3421;RING OF PURGATORY;FOREST GUARDIAN SPIRITPLATE;SACRED TEAR;D
DEATH;DARK OVERLORD HORRORPLATE;ATTACK;CHEST;160;4353;4748;3165;3561;CRIMSON BLOOD;BEHEMOTH WARFISTS;SELF;A
DEATH;DARK OVERLORD CROWN;MAGIC;HELM;160;3165;3561;4353;4748;GREAVES OF DOOM;BEHEMOTH WARBOOTS;STAR OF TRANSCENDENCE;M
DEATH;CRIMSON BLOOD;ATTACK;TALISMAN;160;4328;4722;3148;3541;DARK OVERLORD HORRORPLATE;ENT HEART PENDANT;HANDS OF GOD;A
DEATH;RING OF PURGATORY;DEFENSE;RING;154;3041;4181;4562;3421;CLAWS OF CRUELTY;BEHEMOTH GREATHELM;ARCHANGELIC GREATPLATE;D
DEATH;RISE INCUBUS PENDANT;MAGIC;NECKLACE;154;3059;3441;4206;4588;DARK OVERLORD CROWN;FOREST GUARDIAN GLOVES;ARCHANGELIC GREATPLATE;M
BEAST;BEHEMOTH WARBOOTS;DEFENSE;BOOTS;152;3006;4133;4508;3381;BLITZKRIEG PENDANT;RISE INCUBUS PENDANT;SOUL EATER RUNEBOOTS;D
BEAST;BEHEMOTH WARFISTS;ATTACK;GLOVES;156;4279;4668;3112;3501;BLOODSHED RING;FOREST GUARDIAN CROWN;ELIXIR OF VITALITY;A
BEAST;BEHEMOTH BATTLEPLATE;MAGIC;CHEST;154;3041;3421;4181;4562;HORN OF CARNAGE;DUAL FORCE RING;RING OF THE UNDEAD;M
BEAST;BEHEMOTH GREATHELM;DEFENSE;HELM;158;3130;4304;4695;3521;ENT HEART PENDANT;RING OF PURGATORY;SPELLBINDER PENDANT;D
BEAST;HORN OF CARNAGE;MAGIC;TALISMAN;156;3094;3481;4255;4642;BEHEMOTH BATTLEPLATE;GREAVES OF DOOM;SOUL EATER RUNEWRAPS;M
BEAST;BLOODSHED RING;ATTACK;RING;161;4401;4802;3201;3601;BEHEMOTH WARFISTS;FOREST GUARDIAN BOOTS;SOUL EATER CARAPACE;A
BEAST;BLITZKRIEG PENDANT;DEFENSE;NECKLACE;156;3094;4255;4642;3481;BEHEMOTH WARBOOTS;DEMONSEED;SOUL EATER JAWS;D
NATURE;FOREST GUARDIAN BOOTS;ATTACK;BOOTS;150;4084;4455;2970;3341;FOREST GUARDIAN CROWN;BLOODSHED RING;DARK OVERLORD HORRORPLATE;A
NATURE;FOREST GUARDIAN GLOVES;MAGIC;GLOVES;152;3006;3381;4133;4508;DUAL FORCE RING;RISE INCUBUS PENDANT;DARK OVERLORD CROWN;M
NATURE;FOREST GUARDIAN SPIRITPLATE;DEFENSE;CHEST;161;3201;4401;4802;3601;DEMONSEED;CLAWS OF CRUELTY;BLITZKRIEG PENDANT;D
NATURE;FOREST GUARDIAN CROWN;ATTACK;HELM;164;4426;4828;3219;3621;FOREST GUARDIAN BOOTS;DARK OVERLORD HORRORPLATE;BLOODSHED RING;A
NATURE;DEMONSEED;DEFENSE;TALISMAN;160;3183;4377;4775;3581;FOREST GUARDIAN SPIRITPLATE;BLITZKRIEG PENDANT;CLAWS OF CRUELTY;D
NATURE;DUAL FORCE RING;MAGIC;RING;158;3130;3521;4304;4695;FOREST GUARDIAN GLOVES;BEHEMOTH BATTLEPLATE;GREAVES OF DOOM;M
NATURE;ENT HEART PENDANT;ATTACK;NECKLACE;150;4108;4482;2988;3361;BEHEMOTH GREATHELM;CRIMSON BLOOD;SPELLBINDER PENDANT;A
ICE;ICE WARLORD WARBOOTS;MAGIC;BOOTS;150;2988;3361;4108;4482;ICE WARLORD CROWN;HELL'S HAMMER;BEHEMOTH BATTLEPLATE;M
ICE;ICE WARLORD HANDWRAPS;DEFENSE;GLOVES;160;3148;4328;4722;3541;ICE BRIDE RING;DRACONIS ARMOR;DEMONSEED;D
ICE;ICE WARLORD BATTLEPLATE;ATTACK;CHEST;156;4279;4668;3112;3501;HORN OF BLIZZARD;HELLRAISER CHAINWRAPS;CRIMSON BLOOD;A
ICE;ICE WARLORD CROWN;MAGIC;HELM;164;3237;3641;4450;4855;ICE WARLORD WARBOOTS;HELLRAISER WARBOOTS;DUAL FORCE RING;M
ICE;HORN OF BLIZZARD;ATTACK;TALISMAN;158;4304;4695;3130;3521;ICE WARLORD BATTLEPLATE;DRACCA PENDANT;BLOODSHED RING;A
ICE;ICE BRIDE RING;DEFENSE;RING;153;3023;4157;4535;3401;ICE WARLORD HANDWRAPS;HELMET OF CHAOS;RING OF PURGATORY;D
ICE;GLACIER HEART;MAGIC;NECKLACE;150;2970;3341;4084;4455;ICE WARLORD CROWN;DRAGONCLAWS;HORN OF CARNAGE;M
LAVA;HELLRAISER CHAINWRAPS;ATTACK;GLOVES;154;4206;4588;3059;3441;BLISSFUL TORMENT RING;DRAGONHORN CROWN;BEHEMOTH WARFISTS;A
LAVA;HELLRAISER WARBOOTS;DEFENSE;BOOTS;156;3112;4279;4668;3501;INFERNAL FURNACE;GLACIER HEART;CLAWS OF CRUELTY;D
LAVA;HELLRAISER CARAPACE;MAGIC;CHEST;160;3148;3541;4328;4722;HELL'S HAMMER;FIREBREATH RING;DARK OVERLORD CROWN;M
LAVA;HELMET OF CHAOS;DEFENSE;HELM;156;3094;4255;4642;3481;DRACCA PENDANT;ICE BRIDE RING;BEHEMOTH GREATHELM;D
LAVA;HELL'S HAMMER;MAGIC;TALISMAN;150;2970;3341;4084;4455;HELLRAISER CARAPACE;ICE WARLORD WARBOOTS;FOREST GUARDIAN GLOVES;M
LAVA;BLISSFUL TORMENT RING;ATTACK;RING;156;4230;4615;3077;3461;HELLRAISER CHAINWRAPS;DRAGONSCALES;DARK OVERLORD HORRORPLATE;A
LAVA;INFERNAL FURNACE;DEFENSE;NECKLACE;152;3006;4133;4508;3381;HELLRAISER WARBOOTS;DRAGON HATCHLING;FOREST GUARDIAN SPIRITPLATE;D
DRAGON;DRAGONHORN CROWN;ATTACK;HELM;161;4401;4802;3201;3601;DRAGONSCALES;ICE WARLORD BATTLEPLATE;ENT HEART PENDANT;A
DRAGON;DRACONIS ARMOR;DEFENSE;CHEST;165;3272;4499;4908;3681;DRAGON HATCHLING;ICE WARLORD HANDWRAPS;BLITZKRIEG PENDANT;D
DRAGON;DRAGONCLAWS;MAGIC;GLOVES;158;3130;3521;4304;4695;FIREBREATH RING;GLACIER HEART;RISE INCUBUS PENDANT;M
DRAGON;DRAGONSCALES;ATTACK;BOOTS;160;4328;4722;3148;3541;DRAGONHORN CROWN;BLISSFUL TORMENT RING;FOREST GUARDIAN BOOTS;A
DRAGON;FIREBREATH RING;MAGIC;RING;164;3254;3661;4475;4881;DRAGONCLAWS;HELLRAISER CARAPACE;GREAVES OF DOOM;M
DRAGON;DRACCA PENDANT;ATTACK;NECKLACE;156;4255;4642;3094;3481;HELMET OF CHAOS;HORN OF BLIZZARD;FOREST GUARDIAN CROWN;A
DRAGON;DRAGON HATCHLING;DEFENSE;TALISMAN;164;3237;4450;4855;3641;DRACONIS ARMOR;INFERNAL FURNACE;BEHEMOTH WARBOOTS;D
SHADOW;SHADOWCROWN;MAGIC;HELM;164;3254;3661;4475;4881;SHADOWSCALES;IRONPAWS;FIREBREATH RING;M
SHADOW;SHADOWFALL ARMOR;ATTACK;CHEST;164;4475;4881;3254;3661;SHADOWFANG POISON;STEELCLAWS;HORN OF BLIZZARD;A
SHADOW;SHADOWSCALES;MAGIC;BOOTS;164;3219;3621;4426;4828;SHADOWCROWN;IRONFORCE LAW;HELLRAISER CARAPACE;M
SHADOW;GRIPS OF GLOOM;DEFENSE;GLOVES;164;3254;4475;4881;3661;RING OF BETRAYAL;HEXODUS SPELLPLATE;DRAGON HATCHLING;D
SHADOW;RING OF BETRAYAL;DEFENSE;RING;160;3148;4328;4722;3541;GRIPS OF GLOOM;IRONJAW;ICE BRIDE RING;D
SHADOW;SHADOWSONG PENDANT;MAGIC;NECKLACE;164;3219;3621;4426;4828;SHADOWCROWN;HEXE GAUNTLETS;HELL'S HAMMER;M
SHADOW;SHADOWFANG POISON;ATTACK;TALISMAN;156;4255;4642;3094;3481;SHADOWFALL ARMOR;WITCHCRAFTER PENDANT;BLISSFUL TORMENT RING;A
NOBLE;IRONFORCE RING;ATTACK;RING;164;4450;4855;3237;3641;STEELCLAWS;CURSED CLAWS;ICE WARLORD BATTLEPLATE;A
NOBLE;REGIS LEONIS PENDANT;DEFENSE;NECKLACE;165;3272;4499;4908;3681;IRONPAWS;OBEDIENCE PUPPET;DRACONIS ARMOR;D
NOBLE;IRONFORCE LAW;MAGIC;TALISMAN;166;3290;3701;4524;4935;IRONLION GREATPLATE;SHADOWSCALES;DRAGONCLAWS;M
NOBLE;IRONPAWS;DEFENSE;BOOTS;164;3237;4450;4855;3641;REGIS LEONIS PENDANT;SHADOWSONG PENDANT;ICE WARLORD HANDWRAPS;D
NOBLE;STEELCLAWS;ATTACK;GLOVES;166;4524;4935;3290;3701;IRONFORCE RING;DARKSPELL HOOD;HELLRAISER CHAINWRAPS;A
NOBLE;IRONLION GREATPLATE;MAGIC;CHEST;164;3254;3661;4475;4881;IRONFORCE LAW;CURSED CROW RING;ICE WARLORD CROWN;M
NOBLE;IRONJAW;DEFENSE;HELM;167;3308;4548;4961;3721;WITCHCRAFTER PENDANT;RING OF BETRAYAL;HELMET OF CHAOS;D
HEX;CURSED CROW RING;MAGIC;RING;165;3272;3681;4499;4908;HEXE GAUNTLETS;IRONLION GREATPLATE;ICE WARLORD WARBOOTS;M
HEX;WITCHCRAFTER PENDANT;ATTACK;NECKLACE;164;4450;4855;3237;3641;IRONJAW;SHADOWFANG POISON;DRAGONHORN CROWN;A
HEX;OBEDIENCE PUPPET;DEFENSE;TALISMAN;164;3254;4475;4881;3661;HEXODUS SPELLPLATE;REGIS LEONIS PENDANT;HELLRAISER WARBOOTS;D
HEX;CURSED CLAWS;ATTACK;BOOTS;165;4499;4908;3272;3681;DARKSPELL HOOD;IRONFORCE RING;DRAGONSCALES;A
HEX;HEXE GAUNTLETS;MAGIC;GLOVES;165;3272;3681;4499;4908;CURSED CROW RING;SHADOWSONG PENDANT;GLACIER HEART;M
HEX;HEXODUS SPELLPLATE;DEFENSE;CHEST;165;3272;4499;4908;3681;OBEDIENCE PUPPET;GRIPS OF GLOOM;INFERNAL FURNACE;D
HEX;DARKSPELL HOOD;ATTACK;HELM;164;4450;4855;3237;3641;CURSED CLAWS;SHADOWFALL ARMOR;DRACCA PENDANT;A
NONE;SAVAGE SANTA HAT;ATTACK;HELM;160;4353;4748;3165;3561;CLAWS OF CRUELTY;BEHEMOTH WARBOOTS;HELLRAISER CARAPACE;A
ABYSS;FJORD RUNNERS;MAGIC;BOOTS;166;3290;3701;4524;4935;ODIN'S HORNS;BOLT BOUQUET;IRONLION GREATPLATE;M
ABYSS;ODIN'S HORNS;MAGIC;HELM;166;3290;3701;4524;4935;FJORD RUNNERS;BOLT BOOTS;CURSED CROW RING;M
ABYSS;TENTACLE GRIPS;DEFENSE;GLOVES;164;3237;4450;4855;3641;RING OF SEVEN SEAS;GHOST MONARCH ARMOR;OBEDIENCE PUPPET;D
ABYSS;SEASNAKE CHESTPIECE;ATTACK;CHEST;164;4475;4881;3254;3661;COBALT COMPASS;VOLTAGE GRIPS;SHADOWFANG POISON;A
ABYSS;COBALT COMPASS;ATTACK;TALISMAN;165;4499;4908;3272;3681;SEASNAKE CHESTPIECE;SPECTRAL EYE PENDANT;IRONFORCE RING;A
ABYSS;RING OF SEVEN SEAS;DEFENSE;RING;164;3254;4475;4881;3661;TENTACLE GRIPS;THUNDERBOLT CROWN;RING OF BETRAYAL;D
ABYSS;KRAKEN'S GAZE;MAGIC;NECKLACE;166;3290;3701;4524;4935;ODIN'S HORNS;GRIPS OF DELIRIUM;IRONFORCE LAW;M
THUNDER;BOLT BOOTS;DEFENSE;BOOTS;164;3254;4475;4881;3661;FULGURE NECKLACE;KRAKEN'S GAZE;GRIPS OF GLOOM;D
THUNDER;THUNDERBOLT CROWN;DEFENSE;HELM;166;3290;4524;4935;3701;SPECTRAL EYE PENDANT;RING OF SEVEN SEAS;IRONJAW;D
THUNDER;VOLTAGE GRIPS;ATTACK;GLOVES;164;4475;4881;3254;3661;RING OF IGNITION;PHANTOM CROWN;STEELCLAWS;A
THUNDER;THUNDERLORD ARMOR;MAGIC;CHEST;166;3290;3701;4524;4935;BOLT BOUQUET;SILENT SCREAM RING;SHADOWCROWN;M
THUNDER;BOLT BOUQUET;MAGIC;TALISMAN;164;3237;3641;4450;4855;THUNDERLORD ARMOR;FJORD RUNNERS;HEXE GAUNTLETS;M
THUNDER;RING OF IGNITION;ATTACK;RING;166;4524;4935;3290;3701;VOLTAGE GRIPS;SPECTRE WALKERS;SHADOWFALL ARMOR;A
THUNDER;FULGURE NECKLACE;DEFENSE;NECKLACE;164;3254;4475;4881;3661;BOLT BOOTS;SPOOKER;HEXODUS SPELLPLATE;D
NECRO;PHANTOM CROWN;ATTACK;HELM;167;4548;4961;3308;3721;SPECTRE WALKERS;SEASNAKE CHESTPIECE;WITCHCRAFTER PENDANT;A
NECRO;GHOST MONARCH ARMOR;DEFENSE;CHEST;168;3325;4572;4988;3741;SPOOKER;TENTACLE GRIPS;REGIS LEONIS PENDANT;D
NECRO;GRIPS OF DELIRIUM;MAGIC;GLOVES;166;3290;3701;4524;4935;SILENT SCREAM RING;KRAKEN'S GAZE;SHADOWSONG PENDANT;M
NECRO;SPECTRE WALKERS;ATTACK;BOOTS;167;4548;4961;3308;3721;PHANTOM CROWN;RING OF IGNITION;CURSED CLAWS;A
NECRO;SPECTRAL EYE PENDANT;ATTACK;NECKLACE;166;4524;4935;3290;3701;THUNDERBOLT CROWN;COBALT COMPASS;DARKSPELL HOOD;A
NECRO;SPOOKER;DEFENSE;TALISMAN;168;3325;4572;4988;3741;GHOST MONARCH ARMOR;FULGURE NECKLACE;IRONPAWS;D
NECRO;SILENT SCREAM RING;MAGIC;RING;167;3308;3721;4548;4961;GRIPS OF DELIRIUM;THUNDERLORD ARMOR;SHADOWSCALES;M
WIND;ZEPHYR'S VEIL;MAGIC;HELM;166;3290;3701;4524;4935;AIRWALKER BOOTS;CORPSE DWELLER BOOTS;SILENT SCREAM RING;M
WIND;WINDWOLF ARMOR;ATTACK;CHEST;167;4548;4961;3308;3721;AIR BEAST ESSENCE;GLOVES OF BRUTALITY;COBALT COMPASS;A
WIND;MISTRAL GRIPS;DEFENSE;GLOVES;167;3308;4548;4961;3721;WHIRLWIND RING;THE ALCHEMIST ARMOR;SPOOKER;D
WIND;AIRWALKER BOOTS;MAGIC;BOOTS;168;3325;3741;4572;4988;ZEPHYR'S VEIL;SKULL BONGO;THUNDERLORD ARMOR;M
WIND;WINDWOLF NECKLACE;MAGIC;NECKLACE;167;3308;3721;4548;4961;ZEPHYR'S VEIL;PROPHECY GLOVES;BOLT BOUQUET;M
WIND;AIR BEAST ESSENCE;ATTACK;TALISMAN;167;4548;4961;3308;3721;WINDWOLF ARMOR;ARCANE POTION PENDANT;RING OF IGNITION;A
WIND;WHIRLWIND RING;DEFENSE;RING;166;3290;4524;4935;3701;MISTRAL GRIPS;HUNTER HORNS;RING OF SEVEN SEAS;D
NONE;NIGHTMARE MASK;ATTACK;HELM;164;4426;4828;3219;3621;RING OF BETRAYAL;CRIMSON BLOOD;SHADOWSONG PENDANT;A
NONE;SCREAM HARVESTER;DEFENSE;HELM;164;3219;4426;4828;3621;RING OF BETRAYAL;CRIMSON BLOOD;SHADOWSONG PENDANT;D
NONE;KITTER WARRIOR;MAGIC;TALISMAN;160;3183;3581;4377;4775;IRONPAWS;COBALT COMPASS;WHIRLWIND RING;M
NONE;KITTER MAGE;ATTACK;TALISMAN;160;4377;4775;3183;3581;REGIS LEONIS PENDANT;HEXODUS SPELLPLATE;GRIPS OF DELIRIUM;A
BEAST;HUNTER HORNS;DEFENSE;HELM;169;3343;4597;5015;3761;ARCANE POTION PENDANT;WHIRLWIND RING;THUNDERBOLT CROWN;D
BEAST;TORTURE TYRANT ARMOR;MAGIC;CHEST;170;3361;3781;4621;5041;SKULL BONGO;FATAL BITE RING;ODIN'S HORNS;M
BEAST;GLOVES OF BRUTALITY;ATTACK;GLOVES;169;4597;5015;3343;3761;SLAYER'S RING;TURBAN OF DIVINATION;VOLTAGE GRIPS;A
BEAST;CORPSE DWELLER BOOTS;DEFENSE;BOOTS;170;3361;4621;5041;3781;SAVAGE SHAMAN PENDANT;WINDWOLF NECKLACE;TENTACLE GRIPS;D
BEAST;SKULL BONGO;MAGIC;TALISMAN;169;3343;3761;4597;5015;TORTURE TYRANT ARMOR;AIRWALKER BOOTS;GRIPS OF DELIRIUM;M
BEAST;SLAYER'S RING;ATTACK;RING;169;4597;5015;3343;3761;GLOVES OF BRUTALITY;BOOTS OF DESTINY;SEASNAKE CHESTPIECE;A
BEAST;SAVAGE SHAMAN PENDANT;DEFENSE;NECKLACE;168;3325;4572;4988;3741;CORPSE DWELLER BOOTS;DRAGONFIRE POTION;GHOST MONARCH ARMOR;D
MYTH;TURBAN OF DIVINATION;ATTACK;HELM;169;4597;5015;3343;3761;BOOTS OF DESTINY;WINDWOLF ARMOR;SPECTRAL EYE PENDANT;A
MYTH;THE ALCHEMIST ARMOR;DEFENSE;CHEST;170;3361;4621;5041;3781;DRAGONFIRE POTION;MISTRAL GRIPS;FULGURE NECKLACE;D
MYTH;BOOTS OF DESTINY;ATTACK;BOOTS;169;4597;5015;3343;3761;TURBAN OF DIVINATION;SLAYER'S RING;SPECTRE WALKERS;A
MYTH;DRAGONFIRE POTION;DEFENSE;TALISMAN;169;3343;4597;5015;3761;THE ALCHEMIST ARMOR;SAVAGE SHAMAN PENDANT;BOLT BOOTS;D
MYTH;FATAL BITE RING;MAGIC;RING;168;3325;3741;4572;4988;PROPHECY GLOVES;TORTURE TYRANT ARMOR;FJORD RUNNERS;M
MYTH;ARCANE POTION PENDANT;ATTACK;NECKLACE;169;4597;5015;3343;3761;HUNTER HORNS;AIR BEAST ESSENCE;PHANTOM CROWN;A
MYTH;PROPHECY GLOVES;MAGIC;GLOVES;168;3325;3741;4572;4988;FATAL BITE RING;WINDWOLF NECKLACE;KRAKEN'S GAZE;M
DEATH;RED DEVIL;MAGIC;HELM;170;3361;3781;4621;5041;DIABOLIC STOMPERS;GLACIER STOMPERS;FATAL BITE RING;M
DEATH;HELLGATE ARMOR;ATTACK;CHEST;171;4670;5095;3396;3821;DEMON LEGION SCROLL;CLAWS OF BLIZZARD;AIR BEAST ESSENCE;A
DEATH;DEVIL'S GRIP GLOVES;DEFENSE;GLOVES;170;3361;4621;5041;3781;BAAL'S FANG RING;STONE LABYRINTH ARMOR;DRAGONFIRE POTION;D
DEATH;DIABOLIC STOMPERS;MAGIC;BOOTS;170;3379;3801;4646;5068;RED DEVIL;LIQUID ICE;TORTURE TYRANT ARMOR;M
DEATH;DEMON LEGION SCROLL;ATTACK;TALISMAN;170;4621;5041;3361;3781;HELLGATE ARMOR;PATHSEEKER PENDANT;SLAYER'S RING;A
DEATH;BAAL'S FANG RING;DEFENSE;RING;170;3361;4621;5041;3781;DEVIL'S GRIP GLOVES;ICE CROWN;WHIRLWIND RING;D
DEATH;HEARTH OF HELL PENDANT;MAGIC;NECKLACE;169;3343;3761;4597;5015;RED DEVIL;GRAPEVINE GLOVES;SKULL BONGO;M
ICE;ICE CROWN;DEFENSE;HELM;171;3396;4670;5095;3821;PATHSEEKER PENDANT;BAAL'S FANG RING;HUNTER HORNS;D
ICE;CURSED ICEBERG ARMOR;MAGIC;CHEST;170;3379;3801;4646;5068;LIQUID ICE;RING OF LABYRINTH;ZEPHYR'S VEIL;M
ICE;CLAWS OF BLIZZARD;ATTACK;GLOVES;170;4621;5041;3361;3781;GLACIER BEAST RING;HOOD OF CLAIRVOYANCE;GLOVES OF BRUTALITY;A
ICE;GLACIER STOMPERS;DEFENSE;BOOTS;170;3361;4621;5041;3781;ICE TEAR PENDANT;HEARTH OF HELL PENDANT;MISTRAL GRIPS;D
ICE;LIQUID ICE;MAGIC;TALISMAN;170;3379;3801;4646;5068;CURSED ICEBERG ARMOR;DIABOLIC STOMPERS;PROPHECY GLOVES;M
ICE;GLACIER BEAST RING;ATTACK;RING;169;4597;5015;3343;3761;CLAWS OF BLIZZARD;PATH SEEKERS;WINDWOLF ARMOR;A
ICE;ICE TEAR PENDANT;DEFENSE;NECKLACE;170;3361;4621;5041;3781;GLACIER STOMPERS;GUIDING FIRE;THE ALCHEMIST ARMOR;D
NATURE;PATHSEEKER PENDANT;ATTACK;NECKLACE;174;4719;5148;3432;3861;ICE CROWN;DEMON LEGION SCROLL;TURBAN OF DIVINATION;A
NATURE;RING OF LABYRINTH;MAGIC;RING;172;3414;3841;4695;5121;GRAPEVINE GLOVES;CURSED ICEBERG ARMOR;AIRWALKER BOOTS;M
NATURE;GUIDING FIRE;DEFENSE;TALISMAN;174;3450;4743;5175;3881;STONE LABYRINTH ARMOR;ICE TEAR PENDANT;CORPSE DWELLER BOOTS;D
NATURE;PATH SEEKERS;ATTACK;BOOTS;174;4719;5148;3432;3861;HOOD OF CLAIRVOYANCE;GLACIER BEAST RING;BOOTS OF DESTINY;A
NATURE;GRAPEVINE GLOVES;MAGIC;GLOVES;174;3432;3861;4719;5148;RING OF LABYRINTH;HEARTH OF HELL PENDANT;WINDWOLF NECKLACE;M
NATURE;STONE LABYRINTH ARMOR;DEFENSE;CHEST;174;3450;4743;5175;3881;GUIDING FIRE;DEVIL'S GRIP GLOVES;SAVAGE SHAMAN PENDANT;D
NATURE;HOOD OF CLAIRVOYANCE;ATTACK;HELM;174;4743;5175;3450;3881;PATH SEEKERS;HELLGATE ARMOR;ARCANE POTION PENDANT;A
LAVA;INNER FIRE PENDANT;MAGIC;NECKLACE;171;3396;3821;4670;5095;LAVA CROWN;GLOVES OF GRACE;LIQUID ICE;M
LAVA;LAVALORD RING;DEFENSE;RING;174;3450;4743;5175;3881;VOLCANIC GLOVES;TOXIC GRIN;BAAL'S FANG RING;D
LAVA;BASALT MASK;ATTACK;TALISMAN;174;4719;5148;3432;3861;LAVALORD ARMOR;SILVER SALVATION;GLACIER BEAST RING;A
LAVA;BASALT STOMPERS;MAGIC;BOOTS;174;3450;3881;4743;5175;LAVA CROWN;VENOMOUS SPINNER;CURSED ICEBERG ARMOR;M
LAVA;VOLCANIC GLOVES;DEFENSE;GLOVES;174;3432;4719;5148;3861;LAVALORD RING;GOLDEN ARCHANGEL ARMOR;GUIDING FIRE;D
LAVA;LAVALORD ARMOR;ATTACK;CHEST;175;4768;5201;3468;3901;BASALT MASK;WEB WEAVERS;DEMON LEGION SCROLL;A
LAVA;LAVA CROWN;MAGIC;HELM;174;3432;3861;4719;5148;BASALT STOMPERS;WALKERS OF AMBUSH;RING OF LABYRINTH;M
BEAST;MAD HUNTER HORNS;ATTACK;HELM;169;4597;5015;3343;3761;SLAYER'S RING;THE ALCHEMIST ARMOR;AIRWALKER BOOTS;A
VENOM;TOXIC GRIN;DEFENSE;HELM;177;3503;4817;5255;3941;SILVER SALVATION;LAVALORD RING;ICE CROWN;D
VENOM;GREAT PREDATOR CARAPACE;MAGIC;CHEST;177;3503;3941;4817;5255;VENOMOUS SPINNER;HUNDRED BLESSINGS RING;RED DEVIL;M
VENOM;WEB WEAVERS;ATTACK;GLOVES;177;4817;5255;3503;3941;ENDLESS COMA RING;IMMACULATE CROWN;CLAWS OF BLIZZARD;A
VENOM;WALKERS OF AMBUSH;DEFENSE;BOOTS;178;3521;4841;5281;3961;TINY ASSASSIN NECKLACE;INNER FIRE PENDANT;DEVIL'S GRIP GLOVES;D
VENOM;VENOMOUS SPINNER;MAGIC;TALISMAN;177;3503;3941;4817;5255;GREAT PREDATOR CARAPACE;BASALT STOMPERS;GRAPEVINE GLOVES;M
VENOM;ENDLESS COMA RING;ATTACK;RING;178;4841;5281;3521;3961;WEB WEAVERS;SACRED PATH BOOTS;HELLGATE ARMOR;A
VENOM;TINY ASSASSIN NECKLACE;DEFENSE;NECKLACE;175;3468;4768;5201;3901;WALKERS OF AMBUSH;GOLDEN CODEX;STONE LABYRINTH ARMOR;D
SACRED;IMMACULATE CROWN;ATTACK;HELM;178;4841;5281;3521;3961;SACRED PATH BOOTS;LAVALORD ARMOR;PATHSEEKER PENDANT;A
SACRED;GOLDEN ARCHANGEL ARMOR;DEFENSE;CHEST;178;3521;4841;5281;3961;GOLDEN CODEX;VOLCANIC GLOVES;ICE TEAR PENDANT;D
SACRED;GLOVES OF GRACE;MAGIC;GLOVES;177;3503;3941;4817;5255;HUNDRED BLESSINGS RING;INNER FIRE PENDANT;HEARTH OF HELL PENDANT;M
SACRED;SACRED PATH BOOTS;ATTACK;BOOTS;177;4817;5255;3503;3941;IMMACULATE CROWN;ENDLESS COMA RING;PATH SEEKERS;A
SACRED;GOLDEN CODEX;DEFENSE;TALISMAN;178;3521;4841;5281;3961;GOLDEN ARCHANGEL ARMOR;TINY ASSASSIN NECKLACE;GLACIER STOMPERS;D
SACRED;HUNDRED BLESSINGS RING;MAGIC;RING;176;3485;3921;4792;5228;GLOVES OF GRACE;GREAT PREDATOR CARAPACE;DIABOLIC STOMPERS;M
SACRED;SILVER SALVATION;ATTACK;NECKLACE;177;4817;5255;3503;3941;TOXIC GRIN;BASALT MASK;HOOD OF CLAIRVOYANCE;A
SACRED;CRIMSON SKIES;MAGIC;TALISMAN;170;3379;3801;4646;5068;HELLGATE ARMOR;CLAWS OF BLIZZARD;HUNTER HORNS;M
MYTH;CROWN OF MYSTICS;DEFENSE;HELM;169;3343;4597;5015;3761;PROPHECY GLOVES;SAVAGE SHAMAN PENDANT;GHOST MONARCH ARMOR;D
DRAGON;VANQUISHER GLOVES;ATTACK;GLOVES;170;4621;5041;3361;3781;CURSED ICEBERG ARMOR;BAAL'S FANG RING;CORPSE DWELLER BOOTS;A
NECRO;NIGHTMARE STOMPERS;MAGIC;BOOTS;169;3343;3761;4597;5015;FATAL BITE RING;SKULL BONGO;GRIPS OF DELIRIUM;M
SHADOW;SHADOW BALL;DEFENSE;NECKLACE;169;3343;4597;5015;3761;CLAWS OF BLIZZARD;GLACIER BEAST RING;TURBAN OF DIVINATION;D
NOBLE;BOOK OF SEVEN VIRTUES;ATTACK;TALISMAN;170;4621;5041;3361;3781;ICE TEAR PENDANT;RED DEVIL;SLAYER'S RING;A
THUNDER;THUNDERLORD RING;MAGIC;RING;170;3379;3801;4646;5068;DEVIL'S GRIP GLOVES;GLACIER STOMPERS;FATAL BITE RING;M
LAVA;FIREWALKER STOMPERS;DEFENSE;BOOTS;170;3379;4646;5068;3801;GLACIER BEAST RING;DEVIL'S GRIP GLOVES;SAVAGE SHAMAN PENDANT;D
DRAGON;THE DRAGONHORN;MAGIC;HELM;181;3592;4041;4939;5388;SORCERY STOMPS;SHADOW TALONS;HUNDRED BLESSINGS RING;M
DRAGON;DRAGON PRIEST ARMOR;ATTACK;CHEST;181;4939;5388;3592;4041;RED DRAGON EGG;SHADOW CLAWS;BASALT MASK;A
DRAGON;PAWS OF MAGIC;DEFENSE;GLOVES;181;3592;4939;5388;4041;SERPENTER RING;THUNDERBEAR ARMOR;GOLDEN CODEX;D
DRAGON;SORCERY STOMPS;MAGIC;BOOTS;181;3574;4021;4914;5361;THE DRAGONHORN;POISON FEATHERS;GREAT PREDATOR CARAPACE;M
DRAGON;RED DRAGON EGG;ATTACK;TALISMAN;181;4939;5388;3592;4041;DRAGON PRIEST ARMOR;THUNDERBEAR NECKLACE;ENDLESS COMA RING;A
DRAGON;BASILISK PENDANT;MAGIC;NECKLACE;179;3556;4001;4890;5335;THE DRAGONHORN;IRONSTRIKE GLOVES;VENOMOUS SPINNER;M
DRAGON;SERPENTER RING;DEFENSE;RING;181;3574;4914;5361;4021;PAWS OF MAGIC;OWL KING CROWN;LAVALORD RING;D
SHADOW;OWL KING CROWN;DEFENSE;HELM;181;3574;4914;5361;4021;THUNDERBEAR NECKLACE;SERPENTER RING;TOXIC GRIN;D
SHADOW;SHADOW OWL ARMOR;MAGIC;CHEST;182;3610;4061;4963;5415;POISON FEATHERS;THUNDER RULER RING;LAVA CROWN;M
SHADOW;SHADOW CLAWS;ATTACK;GLOVES;181;4914;5361;3574;4021;OWLER RING;VOLTAGO HORNS;WEB WEAVERS;A
SHADOW;SHADOW TALONS;DEFENSE;BOOTS;181;3592;4939;5388;4041;NIGHT VISION NECKLACE;BASILISK PENDANT;VOLCANIC GLOVES;D
SHADOW;POISON FEATHERS;MAGIC;TALISMAN;181;3574;4021;4914;5361;SHADOW OWL ARMOR;SORCERY STOMPS;GLOVES OF GRACE;M
SHADOW;OWLER RING;ATTACK;RING;181;4939;5388;3592;4041;SHADOW CLAWS;THUNDERWALK BOOTS;LAVALORD ARMOR;A
SHADOW;NIGHT VISION NECKLACE;DEFENSE;NECKLACE;179;3539;4866;5308;3981;SHADOW TALONS;THUNDER BALL;GOLDEN ARCHANGEL ARMOR;D
HEX;WINGED THIEF;MAGIC;NECKLACE;170;3379;3801;4646;5068;DEMON LEGION SCROLL;ICE CROWN;PROPHECY GLOVES;M
ABYSS;GOLDSERPENT GLOVES;MAGIC;GLOVES;170;3361;3781;4621;5041;HEARTH OF HELL PENDANT;LIQUID ICE;BOOTS OF DESTINY;M
VENOM;LETHAL SMILE;DEFENSE;HELM;174;3432;4719;5148;3861;VOLCANIC GLOVES;HELLGATE ARMOR;ICE TEAR PENDANT;D
NONE;JUBILEE TALISMAN;MAGIC;TALISMAN;168;3325;3741;4572;4988;JUBILEE TALISMAN;DRAGONFIRE POTION;GHOST MONARCH ARMOR;M
BEAST;BEAST PRIEST DRUM;DEFENSE;TALISMAN;174;3450;4743;5175;3881;LAVALORD RING;BASALT MASK;DEVIL'S GRIP GLOVES;D
SACRED;EVILIRION RING;ATTACK;RING;174;4719;5148;3432;3861;GUIDING FIRE;PATHSEEKER PENDANT;CLAWS OF BLIZZARD;A
SHADOW;TWILIGHT STOMPERS;MAGIC;BOOTS;156;3112;3501;4279;4668;ICE BRIDE RING;STAR OF TRANSCENDENCE;HELLRAISER CARAPACE;M
DRAGON;DRAGON FIGURINE;DEFENSE;NECKLACE;174;3432;4719;5148;3861;RING OF LABYRINTH;LAVALORD RING;HELLGATE ARMOR;D
NOBLE;HEATLORD HELMET;ATTACK;HELM;174;4743;5175;3450;3881;INNER FIRE PENDANT;CURSED ICEBERG ARMOR;DEMON LEGION SCROLL;A
ICE;SNOWFREEZE GLOVES;MAGIC;GLOVES;176;3485;3921;4792;5228;SILVER SALVATION;ENDLESS COMA RING;LAVA CROWN;M
THUNDER;VOLTAGO HORNS;ATTACK;HELM;181;4914;5361;3574;4021;THUNDERWALK BOOTS;DRAGON PRIEST ARMOR;SILVER SALVATION;A
THUNDER;THUNDERBEAR ARMOR;DEFENSE;CHEST;182;3610;4963;5415;4061;THUNDER BALL;PAWS OF MAGIC;TINY ASSASSIN NECKLACE;D
THUNDER;IRONSTRIKE GLOVES;MAGIC;GLOVES;181;3574;4021;4914;5361;THUNDER RULER RING;BASILISK PENDANT;INNER FIRE PENDANT;M
THUNDER;THUNDERWALK BOOTS;ATTACK;BOOTS;181;4939;5388;3592;4041;VOLTAGO HORNS;OWLER RING;SACRED PATH BOOTS;A
THUNDER;THUNDER BALL;DEFENSE;TALISMAN;181;3592;4939;5388;4041;THUNDERBEAR ARMOR;NIGHT VISION NECKLACE;WALKERS OF AMBUSH;D
THUNDER;THUNDER RULER RING;MAGIC;RING;181;3592;4041;4939;5388;IRONSTRIKE GLOVES;SHADOW OWL ARMOR;BASALT STOMPERS;M
THUNDER;THUNDERBEAR NECKLACE;ATTACK;NECKLACE;179;4866;5308;3539;3981;OWL KING CROWN;RED DRAGON EGG;IMMACULATE CROWN;A
ABYSS;GILLS OF THE ABYSS;MAGIC;HELM;181;3592;4041;4939;5388;ABYSS STOMPERS;MANTICORE WALKERS;THUNDER RULER RING;M
ABYSS;ATLANTIS ARMOR;ATTACK;CHEST;181;4939;5388;3592;4041;TENTACLE TALISMAN;ALABASTER GLOVES;RED DRAGON EGG;A
ABYSS;KRAKEN GLOVES;DEFENSE;GLOVES;181;3592;4939;5388;4041;TRICOLOR SNAKE RING;CRIMSON COUNT CARAPACE;THUNDER BALL;D
ABYSS;ABYSS STOMPERS;MAGIC;BOOTS;181;3574;4021;4914;5361;GILLS OF THE ABYSS;RUNEBOOK OF PEACE;SHADOW OWL ARMOR;M
ABYSS;TENTACLE TALISMAN;ATTACK;TALISMAN;181;4939;5388;3592;4041;ATLANTIS ARMOR;VAMPIRE CLAW NECKLACE;OWLER RING;A
ABYSS;TRICOLOR SNAKE RING;DEFENSE;RING;181;3574;4914;5361;4021;KRAKEN GLOVES;IVORY VISOR;SERPENTER RING;D
ABYSS;TRITON NECKLACE;MAGIC;NECKLACE;179;3556;4001;4890;5335;GILLS OF THE ABYSS;BAT GLOVES;POISON FEATHERS;M
NECRO;PERPETUAL TORMENT RING;DEFENSE;RING;172;3414;4695;5121;3841;PATHSEEKER PENDANT;INNER FIRE PENDANT;RED DEVIL;D
ABYSS;LOST LAND COMPASS;DEFENSE;TALISMAN;181;3574;4914;5361;4021;LAVALORD RING;BASALT MASK;DEVIL'S GRIP GLOVES;D
HEX;WITCHCRAFTER HOOD;MAGIC;HELM;174;3450;3881;4743;5175;PATH SEEKERS;CLAWS OF BLIZZARD;DEVIL'S GRIP GLOVES;M
ICE;ICE CRUSADER BOOTS;DEFENSE;BOOTS;174;3432;4719;5148;3861;HOOD OF CLAIRVOYANCE;LIQUID ICE;GLACIER BEAST RING;D
WIND;TWISTER GLOVES;ATTACK;GLOVES;174;4719;5148;3432;3861;LAVA CROWN;RED DEVIL;GLACIER STOMPERS;A
VENOM;SPIKE VIPER RING;MAGIC;RING;174;3450;3881;4743;5175;GUIDING FIRE;PATHSEEKER PENDANT;CLAWS OF BLIZZARD;M
LAVA;BASALT COLLAR;ATTACK;HELM;171;4670;5095;3396;3821;PATH SEEKERS;CLAWS OF BLIZZARD;DEVIL'S GRIP GLOVES;A
BEAST;PRIMAL POWER PENDANT;DEFENSE;NECKLACE;171;3396;4670;5095;3821;BASALT STOMPERS;RING OF LABYRINTH;ICE CROWN;D
NATURE;STONE SENTINEL;ATTACK;TALISMAN;174;4719;5148;3432;3861;LAVALORD ARMOR;GUIDING FIRE;BAAL'S FANG RING;A
HEX;BLACK BAT;ATTACK;HELM;183;4982;5435;3623;4076;VAMPIRIC BOOTS;ATLANTIS ARMOR;THUNDERBEAR NECKLACE;A
HEX;CRIMSON COUNT CARAPACE;DEFENSE;CHEST;182;3610;4963;5415;4061;VAMPIRIC STING;KRAKEN GLOVES;NIGHT VISION NECKLACE;D
HEX;BAT GLOVES;MAGIC;GLOVES;182;3604;4054;4955;5405;CRIMSON COUNT RING;TRITON NECKLACE;BASILISK PENDANT;M
HEX;VAMPIRIC BOOTS;ATTACK;BOOTS;182;4963;5415;3610;4061;BLACK BAT;WINGED LION RING;THUNDERWALK BOOTS;A
HEX;VAMPIRIC STING;DEFENSE;TALISMAN;183;3623;4982;5435;4076;CRIMSON COUNT CARAPACE;SKYROAR NECKLACE;SHADOW TALONS;D
HEX;CRIMSON COUNT RING;MAGIC;RING;182;3610;4061;4963;5415;BAT GLOVES;MANTICORE ARMOR;SORCERY STOMPS;M
HEX;VAMPIRE CLAW NECKLACE;ATTACK;NECKLACE;182;4963;5415;3610;4061;IVORY VISOR;TENTACLE TALISMAN;VOLTAGO HORNS;A
NOBLE;IVORY VISOR;DEFENSE;HELM;182;3610;4963;5415;4061;VAMPIRE CLAW NECKLACE;TRICOLOR SNAKE RING;OWL KING CROWN;D
NOBLE;MANTICORE ARMOR;MAGIC;CHEST;182;3604;4054;4955;5405;RUNEBOOK OF PEACE;CRIMSON COUNT RING;THE DRAGONHORN;M
NOBLE;ALABASTER GLOVES;ATTACK;GLOVES;183;4982;5435;3623;4076;WINGED LION RING;BLACK BAT;SHADOW CLAWS;A
NOBLE;MANTICORE WALKERS;DEFENSE;BOOTS;181;3584;4928;5376;4032;SKYROAR NECKLACE;TRITON NECKLACE;PAWS OF MAGIC;D
NOBLE;RUNEBOOK OF PEACE;MAGIC;TALISMAN;182;3610;4061;4963;5415;MANTICORE ARMOR;ABYSS STOMPERS;IRONSTRIKE GLOVES;M
NOBLE;WINGED LION RING;ATTACK;RING;182;4963;5415;3610;4061;ALABASTER GLOVES;VAMPIRIC BOOTS;DRAGON PRIEST ARMOR;A
NOBLE;SKYROAR NECKLACE;DEFENSE;NECKLACE;182;3610;4963;5415;4061;MANTICORE WALKERS;VAMPIRIC STING;THUNDERBEAR ARMOR;D
NECRO;GLOVES OF THE UNDEAD;DEFENSE;GLOVES;176;3485;4792;5228;3921;WINDWOLF ARMOR;SPECTRE WALKERS;COBALT COMPASS;D
DRAGON;RUNIC DRAGON RING;DEFENSE;RING;172;3414;4695;5121;3841;RISE INCUBUS PENDANT;DUAL FORCE RING;DRACONIS ARMOR;D
MYTH;VICTORY VISOR;MAGIC;HELM;184;3643;4099;5009;5465;FEARLESS WALKERS;BAT GLOVES;MANTICORE ARMOR;M
MYTH;SPIRIT MASTER ARMOR;ATTACK;CHEST;186;5037;5495;3663;4121;GOBLET OF SPIRITS;ALABASTER GLOVES;WINGED LION RING;A
MYTH;GLOVES OF DEXTERITY;DEFENSE;GLOVES;186;3663;5037;5495;4121;SPIRIT TAMER RING;VAMPIRIC STING;SKYROAR NECKLACE;D
MYTH;FEARLESS WALKERS;MAGIC;BOOTS;184;3643;4099;5009;5465;VICTORY VISOR;CRIMSON COUNT RING;TRITON NECKLACE;M
MYTH;GOBLET OF SPIRITS;ATTACK;TALISMAN;184;5009;5465;3643;4099;SPIRIT MASTER ARMOR;BLACK BAT;ATLANTIS ARMOR;A
MYTH;SPIRIT TAMER RING;DEFENSE;RING;186;3663;5037;5495;4121;GLOVES OF DEXTERITY;MANTICORE WALKERS;CRIMSON COUNT CARAPACE;D
MYTH;WAR EAGLE PENDANT;MAGIC;NECKLACE;184;3643;4099;5009;5465;GILLS OF THE ABYSS;RUNEBOOK OF PEACE;VAMPIRIC BOOTS;M
DEATH;HORNS OF MISDEED;ATTACK;HELM;174;4719;5148;3432;3861;VOLCANIC GLOVES;HELLGATE ARMOR;ICE TEAR PENDANT;A
THUNDER;BLESSED BOLTS;ATTACK;TALISMAN;174;4719;5148;3432;3861;LAVALORD ARMOR;GUIDING FIRE;BAAL'S FANG RING;A
NATURE;VIOLET VINE RING;MAGIC;RING;170;3361;3781;4621;5041;ICE CROWN;HELLGATE ARMOR;GLOVES OF BRUTALITY;M
SACRED;SACRED SUPERNOVA;DEFENSE;NECKLACE;171;3396;4670;5095;3821;BASALT STOMPERS;RING OF LABYRINTH;ICE CROWN;D
SHADOW;DUSKHUNTER VISOR;ATTACK;HELM;169;4597;5015;3343;3761;SLAYER'S RING;THE ALCHEMIST ARMOR;AIRWALKER BOOTS;A
NONE;EASTER BASKET;ATTACK;TALISMAN;181;4914;5361;3574;4021;THUNDERWALK BOOTS;THUNDERBEAR NECKLACE;TENTACLE TALISMAN;A
NONE;HAPPY EASTER NECKLACE;DEFENSE;NECKLACE;179;3556;4890;5335;4001;KRAKEN GLOVES;TRICOLOR SNAKE RING;THUNDER BALL;D
WIND;BOOTS OF BRAVADO;MAGIC;BOOTS;174;3432;3861;4719;5148;HOOD OF CLAIRVOYANCE;ICE TEAR PENDANT;GLACIER BEAST RING;M
ABYSS;THREE SPIRIT AMULET;ATTACK;NECKLACE;169;4597;5015;3343;3761;GILLS OF THE ABYSS;BAT GLOVES;POISON FEATHERS;A
THUNDER;THUNDERCLAPPERS;ATTACK;GLOVES;177;4817;5255;3503;3941;ENDLESS COMA RING;IMMACULATE CROWN;CLAWS OF BLIZZARD;A
SHADOW;GREEN VENOM;ATTACK;TALISMAN;174;4719;5148;3432;3861;LAVALORD ARMOR;SILVER SALVATION;GLACIER BEAST RING;A
SACRED;VISOR OF SUPREMACY;ATTACK;HELM;174;4743;5175;3450;3881;PATH SEEKERS;HELLGATE ARMOR;ARCANE POTION PENDANT;A
BEAST;SPIKE STOMPERS;DEFENSE;BOOTS;170;3361;4621;5041;3781;ICE TEAR PENDANT;HEARTH OF HELL PENDANT;MISTRAL GRIPS;D
WIND;BEWITCHED BLAST RING;DEFENSE;RING;174;3450;4743;5175;3881;VOLCANIC GLOVES;TOXIC GRIN;BAAL'S FANG RING;D
BEAST;BATTLE BULL CROWN;ATTACK;HELM;185;4850;5600;3564;4257;BATTLE BELL;GOBLET OF SPIRITS;SPIRIT MASTER ARMOR;A
BEAST;BATTLE BULL ARMOR;DEFENSE;CHEST;184;3663;5252;5390;3960;HANK OF SAFETY;GLOVES OF DEXTERITY;IVORY VISOR;D
BEAST;BULL GLOVES;MAGIC;GLOVES;183;4802;4300;3465;5600;IVORY HORNS RING;WAR EAGLE PENDANT;ABYSS STOMPERS;M
BEAST;BULL STOMPERS;ATTACK;BOOTS;184;5247;5400;3663;3920;TENTACLE TALISMAN;VAMPIRE CLAW NECKLACE;SPIRIT MASTER ARMOR;A
BEAST;HANK OF SAFETY;DEFENSE;TALISMAN;184;3724;5000;5643;3861;BATTLE BULL ARMOR;TRICOLOR SNAKE RING;GLOVES OF DEXTERITY;D
BEAST;IVORY HORNS RING;MAGIC;RING;183;3737;3861;5148;5390;BULL GLOVES;WAR EAGLE PENDANT;BULL STOMPERS;M
BEAST;BATTLE BELL;ATTACK;NECKLACE;183;4975;5473;3528;4200;BATTLE BULL CROWN;GOBLET OF SPIRITS;BLACK BAT;A
WIND;VEIL OF WIND;DEFENSE;HELM;183;3711;5064;5319;4059;ZEPHYR WALKERS;SPIRIT TAMER RING;VAMPIRIC STING;D
WIND;ZEPHYROS ARMOR;MAGIC;CHEST;184;3607;4059;4975;5586;DEADLY TWINS;VICTORY VISOR;TRITON NECKLACE;M
WIND;WIND WHISPER GLOVES;ATTACK;GLOVES;183;4861;5544;3528;4175;RING OF ATMOSPHERES;TENTACLE TALISMAN;ALABASTER GLOVES;A
WIND;ZEPHYR WALKERS;DEFENSE;BOOTS;182;3571;5132;5378;3920;VEIL OF WIND;SPIRIT TAMER RING;CRIMSON COUNT CARAPACE;D
WIND;DEADLY TWINS;MAGIC;TALISMAN;183;3500;4158;4866;5643;ZEPHYROS ARMOR;FEARLESS WALKERS;RUNEBOOK OF PEACE;M
WIND;RING OF ATMOSPHERES;ATTACK;RING;183;4975;5488;3625;4063;WIND WHISPER GLOVES;VAMPIRIC BOOTS;WIND CRYSTAL PENDANT;A
WIND;WIND CRYSTAL PENDANT;DEFENSE;NECKLACE;183;3500;5064;5390;4200;VEIL OF WIND;IVORY VISOR;KRAKEN GLOVES;D
ICE;MAMMOTH HUNTER CROWN;MAGIC;HELM;184;3546;4000;5247;5467;ABYSS STOMPERS;VICTORY VISOR;MANTICORE ARMOR;M
ICE;MAMMOTH HUNTER ARMOR;ATTACK;CHEST;186;4925;5499;3564;4356;MAMMOTH SKULL;VAMPIRE CLAW NECKLACE;WINGED LION RING;A
ICE;ICE HUNT GLOVES;DEFENSE;GLOVES;186;3663;5200;5396;4124;BROKEN ICE RING;MANTICORE WALKERS;TRICOLOR SNAKE RING;D
ICE;THICK ICE STOMPERS;MAGIC;BOOTS;183;3652;4100;4915;5473;HUNTER'S PRIDE PENDANT;FEARLESS WALKERS;CRIMSON COUNT RING;M
ICE;MAMMOTH SKULL;ATTACK;TALISMAN;184;5013;5473;3645;4141;MAMMOTH HUNTER ARMOR;GILLS OF THE ABYSS;MAMMOTH HUNTER CROWN;A
ICE;BROKEN ICE RING;DEFENSE;RING;185;3663;5049;5544;4018;ICE HUNT GLOVES;SKYROAR NECKLACE;ATLANTIS ARMOR;D
ICE;HUNTER'S PRIDE PENDANT;MAGIC;NECKLACE;184;3743;4141;4910;5478;THICK ICE STOMPERS;WAR EAGLE PENDANT;BAT GLOVES;M
HEX;MAD CROWN RING;MAGIC;RING;168;3325;3741;4572;4988;PROPHECY GLOVES;TORTURE TYRANT ARMOR;FJORD RUNNERS;M
NOBLE;LEGENDARY ROAR;DEFENSE;NECKLACE;170;3361;4621;5041;3781;GLACIER STOMPERS;GUIDING FIRE;THE ALCHEMIST ARMOR;D
ICE;FACE OF FROST;MAGIC;HELM;170;3361;3781;4621;5041;DIABOLIC STOMPERS;GLACIER STOMPERS;FATAL BITE RING;M
LAVA;BASALT CHISEL;MAGIC;TALISMAN;169;3343;3761;4597;5015;TORTURE TYRANT ARMOR;AIRWALKER BOOTS;GRIPS OF DELIRIUM;M
MYTH;GLOVES OF CHOSEN DESTINY;MAGIC;GLOVES;174;3432;3861;4719;5148;RING OF LABYRINTH;HEARTH OF HELL PENDANT;WINDWOLF NECKLACE;M
DEATH;BOOTS OF PLAGUE;ATTACK;BOOTS;169;4597;5015;3343;3761;TURBAN OF DIVINATION;SLAYER'S RING;SPECTRE WALKERS;A
NECRO;NECROMANCER'S AMULET;MAGIC;NECKLACE;171;3396;3821;4670;5095;LAVA CROWN;GLOVES OF GRACE;LIQUID ICE;M
VENOM;SPINNER OF SPITE;ATTACK;TALISMAN;174;4719;5148;3432;3861;LAVALORD ARMOR;SILVER SALVATION;GLACIER BEAST RING;A
SACRED;SANCTITY GLOVES;ATTACK;GLOVES;169;4597;5015;3343;3761;SLAYER'S RING;TURBAN OF DIVINATION;VOLTAGE GRIPS;A
THUNDER;ONCOMING STORM;DEFENSE;HELM;171;3396;4670;5095;3821;PATHSEEKER PENDANT;BAAL'S FANG RING;HUNTER HORNS;D
DEATH;GRIMLORD CROWN;MAGIC;HELM;186;3645;4000;5351;5500;GRIM GRIP NECKLACE;BOOTS OF BEREAVEMENT;DEADLY TWINS;M
DEATH;GRIMLORD ARMOR;ATTACK;CHEST;187;5029;5505;3667;4261;WHIP OF WEAKNESS;WIND WHISPER GLOVES;BULL STOMPERS;A
DEATH;GRIM GRIPS;DEFENSE;GLOVES;187;3670;5274;5407;4137;GRIM REAPER RING;HUNTER'S PRIDE PENDANT;HANK OF SAFETY;D
DEATH;BOOTS OF BEREAVEMENT;MAGIC;BOOTS;185;3700;4100;4998;5561;GRIM GRIP NECKLACE;IVORY HORNS RING;ZEPHYROS ARMOR;M
DEATH;WHIP OF WEAKNESS;ATTACK;TALISMAN;186;5024;5484;3842;4145;GRIMLORD ARMOR;RING OF ATMOSPHERES;BATTLE BULL CROWN;A
DEATH;GRIM REAPER RING;DEFENSE;RING;186;3670;5148;5555;4026;GRIM GRIPS;BATTLE BULL ARMOR;ZEPHYR WALKERS;D
DEATH;GRIM GRIP NECKLACE;MAGIC;NECKLACE;187;3747;4246;5013;5555;GRIMLORD CROWN;THICK ICE STOMPERS;BULL GLOVES;M
DEATH;LOST CHANCE RING;ATTACK;RING;169;4597;5015;3343;3761;GLOVES OF BRUTALITY;BOOTS OF DESTINY;SEASNAKE CHESTPIECE;A
NATURE;PURPLE PASSION AMULET;MAGIC;NECKLACE;169;3343;3761;4597;5015;RED DEVIL;GRAPEVINE GLOVES;SKULL BONGO;M
DRAGON;WYVERN'S EGG;DEFENSE;TALISMAN;169;3343;4597;5015;3761;THE ALCHEMIST ARMOR;SAVAGE SHAMAN PENDANT;BOLT BOOTS;D
SHADOW;RING OF TREACHEROUS WHISPERS;MAGIC;RING;172;3414;3841;4695;5121;GRAPEVINE GLOVES;CURSED ICEBERG ARMOR;AIRWALKER BOOTS;M
VENOM;TOXIC CLAWS;DEFENSE;GLOVES;170;3361;4621;5041;3781;BAAL'S FANG RING;STONE LABYRINTH ARMOR;DRAGONFIRE POTION;D
BEAST;FEROCIOUS FANG;MAGIC;NECKLACE;171;3396;3821;4670;5095;LAVA CROWN;GLOVES OF GRACE;LIQUID ICE;M
NOBLE;PRECIOUS PLATE BOOTS;MAGIC;BOOTS;168;3325;3741;4572;4988;ZEPHYR'S VEIL;SKULL BONGO;THUNDERLORD ARMOR;M
NECRO;HOLLOW HAND TALISMAN;ATTACK;TALISMAN;174;4719;5148;3432;3861;LAVALORD ARMOR;SILVER SALVATION;GLACIER BEAST RING;A
VENOM;VENOM VEIL;ATTACK;HELM;187;4900;5606;3762;4266;SCARLECHOKER;BOOTS OF BITTERNESS;MAMMOTH SKULL;A
VENOM;SCARLET SCORPIO ARMOR;DEFENSE;CHEST;186;3770;5353;5390;3976;SCORPIO FAMILIAR;ICE HUNT GLOVES;ZEPHYR WALKERS;D
VENOM;TAINTED GLOVES;MAGIC;GLOVES;186;4950;4309;3670;5606;VENOM VIOLENCE RING;GRIM GRIP NECKLACE;DEADLY TWINS;M
VENOM;BOOTS OF BITTERNESS;ATTACK;BOOTS;186;5268;5600;3674;3960;SCARLECHOKER;RING OF ATMOSPHERES;MAMMOTH HUNTER ARMOR;A
VENOM;SCORPIO FAMILIAR;DEFENSE;TALISMAN;186;3842;5100;5672;3873;SCARLET SCORPIO ARMOR;BROKEN ICE RING;VEIL OF WIND;D
VENOM;VENOM VIOLENCE RING;MAGIC;RING;186;3737;4067;5164;5499;TAINTED GLOVES;ZEPHYROS ARMOR;THICK ICE STOMPERS;M
VENOM;SCARLECHOKER;ATTACK;NECKLACE;187;5075;5572;3724;4204;VENOM VEIL;BOOTS OF BEREAVEMENT;WIND WHISPER GLOVES;A
LAVA;FLAMING CROWN;DEFENSE;HELM;187;3724;5205;5445;4166;CARVED FLAMING BOOTS;SCARLET SCORPIO ARMOR;GRIM GRIPS;D
LAVA;PHOENIX PALADIN ARMOR;MAGIC;CHEST;187;3670;4141;4998;5765;PHOENIX FEATHER;TAINTED GLOVES;HUNTER'S PRIDE PENDANT;M
LAVA;CARVED FLAMING GLOVES;ATTACK;GLOVES;187;4950;5711;3670;4304;INNER FLAME RING;VENOM VEIL;WHIP OF WEAKNESS;A
LAVA;CARVED FLAMING BOOTS;DEFENSE;BOOTS;187;3678;5300;5561;4059;FLAMING CROWN;SCORPIO FAMILIAR;GRIM REAPER RING;D
LAVA;PHOENIX FEATHER;MAGIC;TALISMAN;187;3546;4300;4975;5759;PHOENIX PALADIN ARMOR;VENOM VIOLENCE RING;GRIMLORD CROWN;M
LAVA;INNER FLAME RING;ATTACK;RING;187;5100;5672;3678;4158;CARVED FLAMING GLOVES;BOOTS OF BITTERNESS;GRIMLORD ARMOR;A
LAVA;GOLDEN REVIVAL NECKLACE;DEFENSE;NECKLACE;187;3582;5174;5488;4304;FLAMING CROWN;CARVED FLAMING BOOTS;MAMMOTH HUNTER CROWN;D
LAVA;CRIMSON CHAIN GLOVES;MAGIC;GLOVES;168;3325;3741;4572;4988;FATAL BITE RING;WINDWOLF NECKLACE;KRAKEN'S GAZE;M
VENOM;RED WIDOW;ATTACK;NECKLACE;164;4450;4855;3237;3641;IRONJAW;SHADOWFANG POISON;DRAGONHORN CROWN;A
ICE;GLACIER DRAGON RING;DEFENSE;RING;172;3414;4695;5121;3841;PATHSEEKER PENDANT;INNER FIRE PENDANT;RED DEVIL;D
MYTH;SILENT STEPS BOOTS;MAGIC;BOOTS;174;3450;3881;4743;5175;LAVA CROWN;VENOMOUS SPINNER;CURSED ICEBERG ARMOR;M
NATURE;FABLE FOREST CROWN;ATTACK;HELM;169;4597;5015;3343;3761;SLAYER'S RING;THE ALCHEMIST ARMOR;AIRWALKER BOOTS;A
NECRO;MALACHITE CROWN;MAGIC;HELM;189;3743;4100;5373;5600;MALACHITE CRYSTAL PENDANT;PHOENIX PALADIN ARMOR;TAINTED GLOVES;M
NECRO;MALACHITE PHANTOM ARMOR;ATTACK;CHEST;189;5127;5544;3689;4360;PHANTOM FLAME;INNER FLAME RING;VENOM VEIL;A
NECRO;GREEN FANG GLOVES;DEFENSE;GLOVES;189;3785;5284;5505;4137;MALACHITE SKULL RING;GOLDEN REVIVAL NECKLACE;SCORPIO FAMILIAR;D
NECRO;PHANTOM STOMPERS;MAGIC;BOOTS;189;3800;4200;5194;5572;GRIMLORD CROWN;PHOENIX FEATHER;GRIM REAPER RING;M
NECRO;PHANTOM FLAME;ATTACK;TALISMAN;189;5122;5583;3853;4255;MALACHITE PHANTOM ARMOR;CARVED FLAMING GLOVES;BOOTS OF BITTERNESS;A
NECRO;MALACHITE SKULL RING;DEFENSE;RING;189;3770;5247;5572;4124;GREEN FANG GLOVES;GOLDEN REVIVAL NECKLACE;SCARLET SCORPIO ARMOR;D
NECRO;MALACHITE CRYSTAL PENDANT;MAGIC;NECKLACE;189;3758;4347;5112;5583;MALACHITE CROWN;BOOTS OF BEREAVEMENT;VENOM VIOLENCE RING;M
NATURE;SACRED STAG CROWN;ATTACK;HELM;191;4998;5717;3960;4287;WILDERNESS QUEEN NECKLACE;PHANTOM STOMPERS;CARVED FLAMING GLOVES;A
NATURE;WILDERNESS WARRIOR ARMOR;DEFENSE;CHEST;191;3980;5380;5505;4187;FOREST FOLKS HORN;MALACHITE SKULL RING;FLAMING CROWN;D
NATURE;GLOVES OF WILDERNESS;MAGIC;GLOVES;191;3861;4322;5158;5706;RING OF PRIMEVAL FOREST;MALACHITE CROWN;PHOENIX FEATHER;M
NATURE;BOOTS OF WILDERNESS;ATTACK;BOOTS;191;5378;5706;3877;4067;MALACHITE PHANTOM ARMOR;PHANTOM FLAME;SCARLECHOKER;A
NATURE;FOREST FOLKS HORN;DEFENSE;TALISMAN;191;3952;5210;5677;4171;WILDERNESS WARRIOR ARMOR;GREEN FANG GLOVES;CARVED FLAMING BOOTS;D
NATURE;RING OF PRIMEVAL FOREST;MAGIC;RING;191;3939;4166;5263;5597;GLOVES OF WILDERNESS;MALACHITE CRYSTAL PENDANT;PHOENIX PALADIN ARMOR;M
NATURE;WILDERNESS QUEEN NECKLACE;ATTACK;NECKLACE;191;5174;5683;3842;4304;SACRED STAG CROWN;PHANTOM STOMPERS;INNER FLAME RING;A
BEAST;SILENT SAVAGERY GLOVES;DEFENSE;GLOVES;170;3361;4621;5041;3781;BAAL'S FANG RING;STONE LABYRINTH ARMOR;DRAGONFIRE POTION;D
THUNDER;THUNDER BREAKER;MAGIC;NECKLACE;166;3290;3701;4524;4935;ODIN'S HORNS;GRIPS OF DELIRIUM;IRONFORCE LAW;M
NOBLE;RING OF RUNIC RULES;MAGIC;RING;172;3414;3841;4695;5121;GRAPEVINE GLOVES;CURSED ICEBERG ARMOR;AIRWALKER BOOTS;M
HEX;WITCH'S BELOVED;ATTACK;TALISMAN;174;4719;5148;3432;3861;LAVALORD ARMOR;SILVER SALVATION;GLACIER BEAST RING;A
SHADOW;GRIPS OF DARKNESS;MAGIC;GLOVES;168;3325;3741;4572;4988;FATAL BITE RING;WINDWOLF NECKLACE;KRAKEN'S GAZE;M
SACRED;VIGILANTE WALKERS;MAGIC;BOOTS;174;3450;3881;4743;5175;LAVA CROWN;VENOMOUS SPINNER;CURSED ICEBERG ARMOR;M
SACRED;TRIUMPHANT CROWN;DEFENSE;HELM;201;4116;5506;5940;4374;FLIGHT OF VICTORY NECKLACE;TRIUMPHANT THUMP RING;FOREST FOLKS HORN;D
SACRED;TOTAL TRIUMPH CARAPACE;MAGIC;CHEST;202;4166;4444;5390;6088;THE SACRED CLAW;TRIUMPHANT WALK BOOTS;GLOVES OF WILDERNESS;M
SACRED;GLOVES OF TOTAL TRIUMPH;ATTACK;GLOVES;201;5346;6112;4166;4422;TRIUMPHANT THUMP RING;TRIUMPHANT CROWN;BOOTS OF WILDERNESS;A
SACRED;TRIUMPHANT WALK BOOTS;DEFENSE;BOOTS;203;4075;5422;6269;4455;FLIGHT OF VICTORY NECKLACE;TOTAL TRIUMPH CARAPACE;WILDERNESS QUEEN NECKLACE;D
SACRED;THE SACRED CLAW;MAGIC;TALISMAN;200;3940;4500;5274;6169;TOTAL TRIUMPH CARAPACE;GLOVES OF TOTAL TRIUMPH;RING OF PRIMEVAL FOREST;M
SACRED;TRIUMPHANT THUMP RING;ATTACK;RING;203;5500;6269;4075;4356;GLOVES OF TOTAL TRIUMPH;TRIUMPHANT WALK BOOTS;SACRED STAG CROWN;A
SACRED;FLIGHT OF VICTORY NECKLACE;DEFENSE;NECKLACE;202;3980;5473;6076;4518;TRIUMPHANT CROWN;THE SACRED CLAW;WILDERNESS WARRIOR ARMOR;D
DRAGON;FIREBREATH VISOR;ATTACK;HELM;174;4743;5175;3450;3881;PATH SEEKERS;HELLGATE ARMOR;ARCANE POTION PENDANT;A
WIND;ROARING WIND NECKLACE;DEFENSE;NECKLACE;175;3468;4768;5201;3901;WALKERS OF AMBUSH;GOLDEN CODEX;STONE LABYRINTH ARMOR;D
LAVA;CLAW OF FIRE;MAGIC;RING;176;3485;3921;4792;5228;GLOVES OF GRACE;GREAT PREDATOR CARAPACE;DIABOLIC STOMPERS;M
MYTH;DRAGON TEARS;DEFENSE;TALISMAN;168;3325;4572;4988;3741;GHOST MONARCH ARMOR;FULGURE NECKLACE;IRONPAWS;D
SHADOW;ONI HORNS;ATTACK;HELM;202;5418;6100;4179;4400;NECKLACE OF SERENDIPITY;RING OF FOLKLORE;GLOVES OF TOTAL TRIUMPH;A
SHADOW;ONI WARRIOR ARMOR;DEFENSE;CHEST;202;4141;5346;6082;4460;ONI TOTEM;CLAWS OF ONI;FLIGHT OF VICTORY NECKLACE;D
SHADOW;ONI GRABBERS;MAGIC;GLOVES;202;4084;4487;5407;6009;RING OF FOLKLORE;ONI HORNS;TOTAL TRIUMPH CARAPACE;M
SHADOW;CLAWS OF ONI;ATTACK;BOOTS;203;5500;6200;4116;4378;NECKLACE OF SERENDIPITY;ONI WARRIOR ARMOR;TRIUMPHANT THUMP RING;A
SHADOW;ONI TOTEM;DEFENSE;TALISMAN;202;4334;5384;5928;4457;ONI WARRIOR ARMOR;ONI GRABBERS;TRIUMPHANT WALK BOOTS;D
SHADOW;RING OF FOLKLORE;MAGIC;RING;202;4266;4356;5473;5892;ONI GRABBERS;CLAWS OF ONI;THE SACRED CLAW;M
SHADOW;NECKLACE OF SERENDIPITY;ATTACK;NECKLACE;203;5341;6167;4227;4487;ONI HORNS;ONI TOTEM;TRIUMPHANT CROWN;A
ICE;HEART OF WINTER;ATTACK;NECKLACE;174;4719;5148;3432;3861;ICE CROWN;DEMON LEGION SCROLL;TURBAN OF DIVINATION;A
DRAGON;DRAGON'S VITALITY;HEALTH;NECKLACE;197;6300;4675;3600;3780;NECKLACE OF SERENDIPITY;CLAWS OF ONI;ONI HORNS;H
VENOM;VENOM STOMPERS;ATTACK;BOOTS;177;4817;5255;3503;3941;IMMACULATE CROWN;ENDLESS COMA RING;PATH SEEKERS;A
DRAGON;DRAGOVITUS;HEALTH;TALISMAN;198;6405;3640;4675;3822;PERIAPT OF FLAMES;CINDERLORD'S CARAPACE;WAR;H
THUNDER;HEALING SPARK;HEALTH;NECKLACE;199;6510;3864;3680;4675;WARFISTS OF THUNDER;BOLT OF LIGHTNING RING;SPHERE OF THE TEMPEST;H
THUNDER;JOLT OF LIGHTNING;HEALTH;TALISMAN;217;7560;4845;4185;3999;DRAGON'S VITALITY;DRAGOVITUS;HEALING SPARK;H
NECRO;HELM OF THE CONDEMNED;DEFENSE;HELM;167;3308;4548;4961;3721;WITCHCRAFTER PENDANT;RING OF BETRAYAL;HELMET OF CHAOS;D
DRAGON;CINDERLORD'S CROWN;MAGIC;HELM;202;4137;4400;5473;6100;AMULET OF DRACONIC VIGILANCE;RING OF AVARICE;ONI GRABBERS;M
DRAGON;CINDERLORD'S CARAPACE;ATTACK;CHEST;203;5324;6138;4187;4460;PERIAPT OF FLAMES;WAR;NECKLACE OF SERENDIPITY;A
DRAGON;FIRE-FORGED CLAWS;DEFENSE;GLOVES;202;4283;5484;5898;4334;RING OF AVARICE;CINDERLORD'S CROWN;ONI WARRIOR ARMOR;D
DRAGON;WAR-FORGED STOMPERS;MAGIC;BOOTS;203;4200;4400;5488;6070;AMULET OF DRACONIC VIGILANCE;CINDERLORD'S CARAPACE;RING OF FOLKLORE;M
DRAGON;PERIAPT OF FLAMES;ATTACK;TALISMAN;203;5418;6181;4150;4457;CINDERLORD'S CARAPACE;FIRE;CLAWS OF ONI;A
DRAGON;RING OF AVARICE;DEFENSE;RING;202;4067;5445;6070;4419;FIRE;WAR;ONI TOTEM;D
DRAGON;AMULET OF DRACONIC VIGILANCE;MAGIC;NECKLACE;203;4154;4550;5407;6082;CINDERLORD'S CROWN;PERIAPT OF FLAMES;ONI GRABBERS;M
DRAGON;CINDER WALKERS;ATTACK;BOOTS;174;4719;5148;3432;3861;HOOD OF CLAIRVOYANCE;GLACIER BEAST RING;BOOTS OF DESTINY;A
ABYSS;CEPHALOPOD CHARM;MAGIC;NECKLACE;171;3396;3821;4670;5095;LAVA CROWN;GLOVES OF GRACE;LIQUID ICE;M
DEATH;EFFIGY OF DECAY;DEFENSE;NECKLACE;175;3468;4768;5201;3901;WALKERS OF AMBUSH;GOLDEN CODEX;STONE LABYRINTH ARMOR;D
HEX;CURSED GLOVES;ATTACK;GLOVES;169;4597;5015;3343;3761;SLAYER'S RING;TURBAN OF DIVINATION;VOLTAGE GRIPS;A
NATURE;LONGSTRIDER BOOTS;DEFENSE;BOOTS;170;3361;4621;5041;3781;ICE TEAR PENDANT;HEARTH OF HELL PENDANT;MISTRAL GRIPS;D
THUNDER;HELM OF THE STORM;DEFENSE;HELM;214;4334;5800;6567;4600;HEART OF THE STORM;BOLT OF LIGHTNING RING;FIRE;D
THUNDER;KNIGHT OF THE TEMPEST ARMOR;MAGIC;CHEST;214;4338;4653;5683;6541;SPHERE OF THE TEMPEST;THUNDERBOLT STOMPERS;AMULET OF DRACONIC VIGILANCE;M
THUNDER;WARFISTS OF THUNDER;ATTACK;GLOVES;214;5677;6680;4325;4531;BOLT OF LIGHTNING RING;HELM OF THE STORM;CINDERLORD'S CARAPACE;A
THUNDER;THUNDERBOLT STOMPERS;DEFENSE;BOOTS;214;4400;5700;6468;4677;HEART OF THE STORM;KNIGHT OF THE TEMPEST ARMOR;RING OF AVARICE;D
THUNDER;SPHERE OF THE TEMPEST;MAGIC;TALISMAN;214;4236;4786;5533;6787;KNIGHT OF THE TEMPEST ARMOR;WARFISTS OF THUNDER;WAR;M
THUNDER;BOLT OF LIGHTNING RING;ATTACK;RING;216;5654;6633;4378;4714;WARFISTS OF THUNDER;THUNDERBOLT STOMPERS;PERIAPT OF FLAMES;A
THUNDER;HEART OF THE STORM;DEFENSE;NECKLACE;216;4352;5864;6488;4786;HELM OF THE STORM;SPHERE OF THE TEMPEST;FIRE;D
THUNDER;BOLTS OF FURY;ATTACK;TALISMAN;167;4548;4961;3308;3721;WINDWOLF ARMOR;ARCANE POTION PENDANT;RING OF IGNITION;A
LAVA;IGNIS PHYLACTERY;MAGIC;NECKLACE;166;3290;3701;4524;4935;ODIN'S HORNS;GRIPS OF DELIRIUM;IRONFORCE LAW;M
WIND;PERIAPT OF ZEPHYR;ATTACK;TALISMAN;174;4719;5148;3432;3861;LAVALORD ARMOR;SILVER SALVATION;GLACIER BEAST RING;A
BEAST;HORNED HELM;DEFENSE;HELM;167;3308;4548;4961;3721;WITCHCRAFTER PENDANT;RING OF BETRAYAL;HELMET OF CHAOS;D
NOBLE;GLOVES OF DEFENCE;ATTACK;GLOVES;174;4719;5148;3432;3861;LAVA CROWN;RED DEVIL;GLACIER STOMPERS;A
ABYSS;DREAD CAPTAIN'S MANTLE;ATTACK;HELM;215;5615;6700;4378;4700;SEAFARER'S COMPASS;RING OF THE CURSED DEPTHS;WARFISTS OF THUNDER;A
ABYSS;CURSED SEAFARER ARMOR;DEFENSE;CHEST;215;4338;5742;6580;4658;SEAFARER'S SPYGLASS;CURSED PLANK WALKERS;HEART OF THE STORM;D
ABYSS;GRIPS OF THE DEPTHS;MAGIC;GLOVES;215;4482;4686;5603;6501;RING OF THE CURSED DEPTHS;DREAD CAPTAIN'S MANTLE;KNIGHT OF THE TEMPEST ARMOR;M
ABYSS;CURSED PLANK WALKERS;ATTACK;BOOTS;215;5600;6700;4410;4677;SEAFARER'S COMPASS;CURSED SEAFARER ARMOR;BOLT OF LIGHTNING RING;A
ABYSS;SEAFARER'S SPYGLASS;DEFENSE;TALISMAN;215;4433;5583;6620;4761;CURSED SEAFARER ARMOR;GRIPS OF THE DEPTHS;THUNDERBOLT STOMPERS;D
ABYSS;RING OF THE CURSED DEPTHS;MAGIC;RING;215;4464;4653;5572;6579;GRIPS OF THE DEPTHS;CURSED PLANK WALKERS;SPHERE OF THE TEMPEST;M
ABYSS;SEAFARER'S COMPASS;ATTACK;NECKLACE;215;5538;6774;4325;4786;DREAD CAPTAIN'S MANTLE;SEAFARER'S SPYGLASS;WARFISTS OF THUNDER;A
ABYSS;SEA SERPENT SIGNET;MAGIC;RING;172;3414;3841;4695;5121;GRAPEVINE GLOVES;CURSED ICEBERG ARMOR;AIRWALKER BOOTS;M
SACRED;TOME OF CLEAR THOUGHTS;MAGIC;TALISMAN;177;3503;3941;4817;5255;GREAT PREDATOR CARAPACE;BASALT STOMPERS;GRAPEVINE GLOVES;M
ABYSS;SEA HAG'S BLESSING;ATTACK;TALISMAN;217;4452;7560;3780;3948;GRIPS OF THE DEPTHS;RING OF THE CURSED DEPTHS;SPHERE OF THE TEMPEST;ACol
DEATH;GRIPS OF RUIN;ATTACK;GLOVES;170;4621;5041;3361;3781;GLACIER BEAST RING;HOOD OF CLAIRVOYANCE;GLOVES OF BRUTALITY;A
MYTH;WIND CHIME AMULET;DEFENSE;NECKLACE;170;3361;4621;5041;3781;GLACIER STOMPERS;GUIDING FIRE;THE ALCHEMIST ARMOR;D
ABYSS;STRENGTH OF THE DEPTHS;MAGIC;NECKLACE;217;3696;3948;4452;7665;RING OF THE CURSED DEPTHS;GRIPS OF THE DEPTHS;DREAD CAPTAIN'S MANTLE;MCol
HEX;RAVEN'S MANE;MAGIC;HELM;216;4334;4800;5672;6700;TURNING FATE MEDALLION;RING OF SECOND CHANCE;GRIPS OF THE DEPTHS;M
HEX;TRICKSTER PRINCE ARMOR;ATTACK;CHEST;216;5620;6633;4487;4658;RUNESKULL;TRICKSTER STOMPERS;SEAFARER'S COMPASS;A
HEX;BRACERS OF DEFLECTION;DEFENSE;GLOVES;216;4382;5683;6684;4630;RING OF SECOND CHANCE;RAVEN'S MANE;CURSED SEAFARER ARMOR;D
HEX;TRICKSTER STOMPERS;MAGIC;BOOTS;216;4500;4700;5586;6667;TURNING FATE MEDALLION;TRICKSTER PRINCE ARMOR;RING OF THE CURSED DEPTHS;M
HEX;RUNESKULL;ATTACK;TALISMAN;216;5615;6780;4347;4761;TRICKSTER PRINCE ARMOR;BRACERS OF DEFLECTION;CURSED PLANK WALKERS;A
HEX;RING OF SECOND CHANCE;DEFENSE;RING;216;4365;5643;6667;4714;BRACERS OF DEFLECTION;TRICKSTER STOMPERS;SEAFARER'S SPYGLASS;D
HEX;TURNING FATE MEDALLION;MAGIC;NECKLACE;216;4352;4752;5603;6780;RAVEN'S MANE;RUNESKULL;GRIPS OF THE DEPTHS;M
ICE;CONE OF COLD;MAGIC;TALISMAN;170;3379;3801;4646;5068;HELLGATE ARMOR;CLAWS OF BLIZZARD;HUNTER HORNS;M
HEX;BOOTS OF BLIGHT;ATTACK;BOOTS;177;4817;5255;3503;3941;IMMACULATE CROWN;ENDLESS COMA RING;PATH SEEKERS;A
SHADOW;STRIKER RING;MAGIC;RING;176;3485;3921;4792;5228;GLOVES OF GRACE;GREAT PREDATOR CARAPACE;DIABOLIC STOMPERS;M
HEX;STRIKING CLAWS;ATTACK;TALISMAN;219;4536;7665;3780;3948;TRICKSTER PRINCE ARMOR;RUNESKULL;DREAD CAPTAIN'S MANTLE;ACol
HEX;WINGS OF PROTECTION;DEFENSE;NECKLACE;219;3780;4620;7770;3780;RING OF SECOND CHANCE;BRACERS OF DEFLECTION;CURSED SEAFARER ARMOR;DCol
VENOM;BLIGHT AMULET;DEFENSE;NECKLACE;170;3361;4621;5041;3781;GLACIER STOMPERS;GUIDING FIRE;THE ALCHEMIST ARMOR;D
NOBLE;LIONHEART HELM;DEFENSE;HELM;227;4531;6100;7065;4900;PERIAPT OF LION'S STRENGTH;SIGIL OF RENOWN;BRACERS OF DEFLECTION;D
NOBLE;LIONHEART CRUSADER ARMOR;MAGIC;CHEST;227;4536;4851;6082;7036;CHALICE OF THE OATH;CRUSADER STOMPERS;TURNING FATE MEDALLION;M
NOBLE;BRACERS OF THE DEFENDER;ATTACK;GLOVES;228;6076;7178;4522;4827;SIGIL OF RENOWN;LIONHEART HELM;TRICKSTER PRINCE ARMOR;A
NOBLE;CRUSADER STOMPERS;DEFENSE;BOOTS;227;4600;6100;6958;4876;PERIAPT OF LION'S STRENGTH;LIONHEART CRUSADER ARMOR;RING OF SECOND CHANCE;D
NOBLE;CHALICE OF THE OATH;MAGIC;TALISMAN;228;4531;4885;6126;7192;LIONHEART CRUSADER ARMOR;BRACERS OF THE DEFENDER;TRICKSTER STOMPERS;M
NOBLE;SIGIL OF RENOWN;ATTACK;RING;228;6051;7029;4677;4812;BRACERS OF THE DEFENDER;CRUSADER STOMPERS;RUNESKULL;A
NOBLE;PERIAPT OF LION'S STRENGTH;DEFENSE;NECKLACE;227;4549;6167;6979;4885;LIONHEART HELM;CHALICE OF THE OATH;BRACERS OF DEFLECTION;D
LAVA;TALISMAN OF THE MOLTEN TEARS;MAGIC;TALISMAN;166;3290;3701;4524;4935;IRONLION GREATPLATE;SHADOWSCALES;DRAGONCLAWS;M
WIND;GUARDIAN OF THE GALE;ATTACK;HELM;167;4548;4961;3308;3721;SPECTRE WALKERS;SEASNAKE CHESTPIECE;WITCHCRAFTER PENDANT;A
NOBLE;BOOTS OF THE RUNIC KNIGHT;DEFENSE;BOOTS;170;3361;4621;5041;3781;SAVAGE SHAMAN PENDANT;WINDWOLF NECKLACE;TENTACLE GRIPS;D
ABYSS;KRAKEN'S GUARD;ATTACK;HELM;169;4597;5015;3343;3761;BOOTS OF DESTINY;WINDWOLF ARMOR;SPECTRAL EYE PENDANT;A
NOBLE;HONOURED STRIKE;ATTACK;TALISMAN;227;4704;8190;3864;3948;SIGIL OF RENOWN;BRACERS OF THE DEFENDER;RUNESKULL;ACol
NOBLE;BLESSING OF THE AGES;DEFENSE;NECKLACE;227;3948;4704;8190;3864;PERIAPT OF LION'S STRENGTH;CRUSADER STOMPERS;LIONHEART HELM;DCol
DRAGON;RING OF WYVERN'S SIGHT;MAGIC;RING;172;3414;3841;4695;5121;GRAPEVINE GLOVES;CURSED ICEBERG ARMOR;AIRWALKER BOOTS;M
NATURE;FIREWATER GLOVES;ATTACK;GLOVES;164;4475;4881;3254;3661;RING OF IGNITION;PHANTOM CROWN;STEELCLAWS;A
MYTH;GOLDEN JACKAL HELM;ATTACK;HELM;229;5910;7200;4677;5000;GOLDEN JACKAL'S PROTECTION;SACRED LANDS SEAL;BRACERS OF THE DEFENDER;A
MYTH;GUARDIAN OF THE AFTERLIFE ARMOR;DEFENSE;CHEST;229;4634;5940;7178;4955;HEART VESSEL;SOUL GUARDIAN BOOTS;PERIAPT OF LION'S STRENGTH;D
MYTH;PROTECTOR OF TOMBS BRACERS;MAGIC;GLOVES;229;4681;4985;5996;6994;SACRED LANDS SEAL;GOLDEN JACKAL HELM;LIONHEART CRUSADER ARMOR;M
MYTH;SOUL GUARDIAN BOOTS;ATTACK;BOOTS;229;5900;7300;4606;4975;GOLDEN JACKAL'S PROTECTION;GUARDIAN OF THE AFTERLIFE ARMOR;SIGIL OF RENOWN;A
MYTH;HEART VESSEL;DEFENSE;TALISMAN;228;4630;5882;7114;5065;GUARDIAN OF THE AFTERLIFE ARMOR;PROTECTOR OF TOMBS BRACERS;CRUSADER STOMPERS;D
MYTH;SACRED LANDS SEAL;MAGIC;RING;228;4563;4950;6070;6972;PROTECTOR OF TOMBS BRACERS;SOUL GUARDIAN BOOTS;CHALICE OF THE OATH;M
MYTH;GOLDEN JACKAL'S PROTECTION;ATTACK;NECKLACE;227;5934;7178;4522;4985;GOLDEN JACKAL HELM;HEART VESSEL;BRACERS OF THE DEFENDER;A
NECRO;AMULET OF THE NECROTIC GAZE;DEFENSE;NECKLACE;170;3361;4621;5041;3781;GLACIER STOMPERS;GUIDING FIRE;THE ALCHEMIST ARMOR;D
MYTH;MYSTIC'S HELM;DEFENSE;HELM;171;3396;4670;5095;3821;PATHSEEKER PENDANT;BAAL'S FANG RING;HUNTER HORNS;D
SACRED;RING OF PURGING FLAME;ATTACK;RING;169;4597;5015;3343;3761;CLAWS OF BLIZZARD;PATH SEEKERS;WINDWOLF ARMOR;A
MYTH;JACKAL'S STRIKE;ATTACK;TALISMAN;233;4704;8560;3948;4200;GOLDEN JACKAL HELM;SOUL GUARDIAN BOOTS;GOLDEN JACKAL'S PROTECTION;ACol
BEAST;CALL OF THE WILD;DEFENSE;TALISMAN;174;3450;4743;5175;3881;STONE LABYRINTH ARMOR;ICE TEAR PENDANT;CORPSE DWELLER BOOTS;D
DEATH;DREADWALKERS;DEFENSE;BOOTS;170;3361;4621;5041;3781;SAVAGE SHAMAN PENDANT;WINDWOLF NECKLACE;TENTACLE GRIPS;D
MYTH;AFTERLIFE GUARDIAN;HEALTH;NECKLACE;231;8586;4788;3948;3864;GOLDEN JACKAL HELM;GUARDIAN OF THE AFTERLIFE ARMOR;SACRED LANDS SEAL;H
THUNDER;RUNNING CURRENT GLOVES;ATTACK;GLOVES;174;4719;5148;3432;3861;LAVA CROWN;RED DEVIL;GLACIER STOMPERS;A
WIND;HELM OF GLAMOUR;MAGIC;HELM;231;4630;5100;5970;7300;PERIAPT OF THE WHISPERED ONE;RING OF THE SMOKE AND MIRRORS;PROTECTOR OF TOMBS BRACERS;M
WIND;THE EVERNIGHT ARMOR;ATTACK;CHEST;232;6015;7326;4686;4955;CALL OF SHADOWS;BOOTS OF THE EVERNIGHT;GOLDEN JACKAL'S PROTECTION;A
WIND;BRACERS OF THE SLEIGHT OF HAND;DEFENSE;GLOVES;230;4681;5982;7176;4925;RING OF THE SMOKE AND MIRRORS;HELM OF GLAMOUR;GUARDIAN OF THE AFTERLIFE ARMOR;D
WIND;BOOTS OF THE EVERNIGHT;MAGIC;BOOTS;231;4700;5100;5978;7164;PERIAPT OF THE WHISPERED ONE;THE EVERNIGHT ARMOR;SACRED LANDS SEAL;M
WIND;CALL OF SHADOWS;ATTACK;TALISMAN;232;6009;7278;4742;5065;THE EVERNIGHT ARMOR;BRACERS OF THE SLEIGHT OF HAND;SOUL GUARDIAN BOOTS;A
WIND;RING OF THE SMOKE AND MIRRORS;DEFENSE;RING;231;4662;6039;7164;5008;BRACERS OF THE SLEIGHT OF HAND;BOOTS OF THE EVERNIGHT;HEART VESSEL;D
WIND;PERIAPT OF THE WHISPERED ONE;MAGIC;NECKLACE;231;4648;5100;5996;7178;HELM OF GLAMOUR;CALL OF SHADOWS;PROTECTOR OF TOMBS BRACERS;M
WIND;ZEPHYR CHIME;ATTACK;NECKLACE;174;4719;5148;3432;3861;ICE CROWN;DEMON LEGION SCROLL;TURBAN OF DIVINATION;A
SHADOW;SHADOW PLUME;ATTACK;HELM;169;4597;5015;3343;3761;BOOTS OF DESTINY;WINDWOLF ARMOR;SPECTRAL EYE PENDANT;A
WIND;SONG OF PEACE;HEALTH;TALISMAN;232;8717;4788;3948;3864;CALL OF SHADOWS;BOOTS OF THE EVERNIGHT;AFTERLIFE GUARDIAN;H
VENOM;BOTTLED BANE;ATTACK;TALISMAN;174;4719;5148;3432;3861;LAVALORD ARMOR;SILVER SALVATION;GLACIER BEAST RING;A
ICE;GLACIER STOMPERS;ATTACK;BOOTS;181;4939;5388;3592;4041;VOLTAGO HORNS;OWLER RING;SACRED PATH BOOTS;A
WIND;SONG OF SPELLWEAVING;MAGIC;NECKLACE;232;3780;4032;4704;8881;PERIAPT OF THE WHISPERED ONE;THE EVERNIGHT ARMOR;SONG OF PEACE;MCol
ABYSS;ELDRITCH COMPANION;DEFENSE;TALISMAN;178;3521;4841;5281;3961;GOLDEN ARCHANGEL ARMOR;TINY ASSASSIN NECKLACE;GLACIER STOMPERS;D
VENOM;VENOM GUARD;DEFENSE;HELM;236;4630;6200;7562;5100;NOXIOUS MORSEL;RAT KING'S BITE;BRACERS OF THE SLEIGHT OF HAND;D
VENOM;POISON MASTER CARAPACE;MAGIC;CHEST;237;4634;5049;6181;7631;PUTRID MISSILE;PLAGUE STOMPERS;PERIAPT OF THE WHISPERED ONE;M
VENOM;POISONER'S BRACERS;ATTACK;GLOVES;236;6175;7577;4620;5024;RAT KING'S BITE;VENOM GUARD;THE EVERNIGHT ARMOR;A
VENOM;PLAGUE STOMPERS;DEFENSE;BOOTS;235;4600;6200;7448;5075;NOXIOUS MORSEL;POISON MASTER CARAPACE;RING OF THE SMOKE AND MIRRORS;D
VENOM;PUTRID MISSILE;MAGIC;TALISMAN;235;4630;4985;6126;7699;POISON MASTER CARAPACE;POISONER'S BRACERS;BOOTS OF THE EVERNIGHT;M
VENOM;RAT KING'S BITE;ATTACK;RING;236;6150;7524;4677;5008;POISONER'S BRACERS;PLAGUE STOMPERS;CALL OF SHADOWS;A
VENOM;NOXIOUS MORSEL;DEFENSE;NECKLACE;236;4648;6268;7471;5085;VENOM GUARD;PUTRID MISSILE;BRACERS OF THE SLEIGHT OF HAND;D
VENOM;REMEDY RUNE;HEALTH;TALISMAN;237;9044;4704;4200;3864;POISONER'S BRACERS;SONG OF PEACE;FROZEN REPOSE;H
VENOM;STING SPINNER;DEFENSE;TALISMAN;181;3592;4939;5388;4041;THUNDERBEAR ARMOR;NIGHT VISION NECKLACE;WALKERS OF AMBUSH;D
NECRO;NECROTIC BRACERS;MAGIC;GLOVES;181;3574;4021;4914;5361;THUNDER RULER RING;BASILISK PENDANT;INNER FIRE PENDANT;M
NATURE;RING OF THE ANCIENT POWER;DEFENSE;RING;185;3663;5049;5544;4018;ICE HUNT GLOVES;SKYROAR NECKLACE;ATLANTIS ARMOR;D
DRAGON;WYVERN'S GIFT;MAGIC;NECKLACE;179;3556;4001;4890;5335;GILLS OF THE ABYSS;BAT GLOVES;POISON FEATHERS;M
VENOM;COUNTERAGENT RUNE;DEFENSE;NECKLACE;239;3948;4788;9328;3948;REMEDY RUNE;VENOM GUARD;PLAGUE STOMPERS;DCol
ICE;ICE HUNTER GUARD;ATTACK;HELM;237;6107;7692;4677;5100;HUNTER'S FURY;FROZEN WILDS BRAND;POISONER'S BRACERS;A
ICE;SABRETOOTH ARMOR;DEFENSE;CHEST;237;4634;6138;7677;5054;ICE TOOTH AND CLAW;WASTELANDS STOMPERS;NOXIOUS MORSEL;D
ICE;SABRETOOTH CLAWS;MAGIC;GLOVES;237;4781;5085;6095;7486;FROZEN WILDS BRAND;ICE HUNTER GUARD;POISON MASTER CARAPACE;M
ICE;WASTELANDS STOMPERS;ATTACK;BOOTS;236;6000;7700;4704;5075;HUNTER'S FURY;SABRETOOTH ARMOR;RAT KING'S BITE;A
ICE;ICE TOOTH AND CLAW;DEFENSE;TALISMAN;237;4728;6082;7608;5166;SABRETOOTH ARMOR;SABRETOOTH CLAWS;PLAGUE STOMPERS;D
ICE;FROZEN WILDS BRAND;MAGIC;RING;237;4762;4950;6169;7561;SABRETOOTH CLAWS;WASTELANDS STOMPERS;PUTRID MISSILE;M
ICE;HUNTER'S FURY;ATTACK;NECKLACE;237;6132;7785;4620;5085;ICE HUNTER GUARD;ICE TOOTH AND CLAW;RAT KING'S BITE;A
ICE;FROZEN REPOSE;HEALTH;NECKLACE;240;9266;4788;4200;3864;REMEDY RUNE;ICE HUNTER GUARD;LAUREL OF MERCY;H
LAVA;MAGMA STOMPERS;MAGIC;BOOTS;184;3643;4099;5009;5465;VICTORY VISOR;CRIMSON COUNT RING;TRITON NECKLACE;M
ICE;FROZEN GUARD;DEFENSE;HELM;181;3574;4914;5361;4021;THUNDERBEAR NECKLACE;SERPENTER RING;TOXIC GRIN;D
HEX;BAT'S BITE RING;DEFENSE;RING;185;3663;5049;5544;4018;ICE HUNT GLOVES;SKYROAR NECKLACE;ATLANTIS ARMOR;D
NOBLE;RIGHTEOUS BRACERS;ATTACK;GLOVES;183;4861;5544;3528;4175;RING OF ATMOSPHERES;TENTACLE TALISMAN;ALABASTER GLOVES;A
MYTH;ETERNAL FLAME TALISMAN;MAGIC;TALISMAN;182;3610;4061;4963;5415;MANTICORE ARMOR;ABYSS STOMPERS;IRONSTRIKE GLOVES;M
ICE;FURY OF CLAWS;ATTACK;TALISMAN;243;4000;9495;3680;4560;REMEDY RUNE;ICE HUNTER GUARD;WASTELANDS STOMPERS;ACol
SACRED;RIGHTEOUS WRATH AMULET;ATTACK;NECKLACE;177;4817;5255;3503;3941;TOXIC GRIN;BASALT MASK;HOOD OF CLAIRVOYANCE;A
BEAST;BRAWLER GUARD;MAGIC;HELM;239;4728;5100;6169;7800;CHAMPION'S FERAL LUCK;BRAWLER'S VICTORY RING;SABRETOOTH CLAWS;M
BEAST;BEAST BRAWLER ARMOR;ATTACK;CHEST;238;6015;7722;4786;5054;BEAST CHAMPION GOBLET;PRIMAL BRAWLER BOOTS;HUNTER'S FURY;A
BEAST;BESTIAL BRACERS;DEFENSE;GLOVES;238;4681;6181;7667;5024;BRAWLER'S VICTORY RING;BRAWLER GUARD;SABRETOOTH ARMOR;D
BEAST;PRIMAL BRAWLER BOOTS;MAGIC;BOOTS;238;4700;5200;5978;7761;CHAMPION'S FERAL LUCK;BEAST BRAWLER ARMOR;FROZEN WILDS BRAND;M
BEAST;BEAST CHAMPION GOBLET;ATTACK;TALISMAN;238;6107;7777;4742;5065;BEAST BRAWLER ARMOR;BESTIAL BRACERS;WASTELANDS STOMPERS;A
BEAST;BRAWLER'S VICTORY RING;DEFENSE;RING;238;4662;6138;7761;5008;BESTIAL BRACERS;PRIMAL BRAWLER BOOTS;ICE TOOTH AND CLAW;D
BEAST;CHAMPION'S FERAL LUCK;MAGIC;NECKLACE;238;4747;5100;5996;7777;BRAWLER GUARD;BEAST CHAMPION GOBLET;FROZEN WILDS BRAND;M
BEAST;LAUREL OF MERCY;HEALTH;NECKLACE;244;9585;4788;4284;3864;FROZEN REPOSE;BEAST CHAMPION GOBLET;JADE HAVEN;H
BEAST;FIGHTING SPIRIT;ATTACK;TALISMAN;181;4939;5388;3592;4041;ATLANTIS ARMOR;VAMPIRE CLAW NECKLACE;OWLER RING;A
SHADOW;SHADOWHAND SIGNET;MAGIC;RING;181;3592;4041;4939;5388;IRONSTRIKE GLOVES;SHADOW OWL ARMOR;BASALT STOMPERS;M
DEATH;BLOODREALM STOMPERS;MAGIC;BOOTS;184;3643;4099;5009;5465;VICTORY VISOR;CRIMSON COUNT RING;TRITON NECKLACE;M
WIND;AGILE WIND GLOVES;ATTACK;GLOVES;177;4817;5255;3503;3941;ENDLESS COMA RING;IMMACULATE CROWN;CLAWS OF BLIZZARD;A
BEAST;BRAWLER'S BOON;MAGIC;TALISMAN;245;3864;4284;4788;9737;LAUREL OF MERCY;BRAWLER GUARD;CHAMPION'S FERAL LUCK;MCol
THUNDER;FERAL THUNDER;DEFENSE;NECKLACE;179;3539;4866;5308;3981;SHADOW TALONS;THUNDER BALL;GOLDEN ARCHANGEL ARMOR;D
DRAGON;MANTLE OF DRACONIC DUTY;DEFENSE;HELM;244;4728;6300;8060;5200;HEIRLOOM JADE;DRAGON'S WHISPER RING;BESTIAL BRACERS;D
DRAGON;JADE GUARDIAN ARMOR;MAGIC;CHEST;244;4733;5148;6281;8027;DRACONIC LEGACY;JADE GUARDIAN BOOTS;CHAMPION'S FERAL LUCK;M
DRAGON;DRAGON JADE BRACERS;ATTACK;GLOVES;244;6275;8076;4718;5122;DRAGON'S WHISPER RING;MANTLE OF DRACONIC DUTY;BEAST BRAWLER ARMOR;A
DRAGON;JADE GUARDIAN BOOTS;DEFENSE;BOOTS;244;4800;6300;7938;5174;HEIRLOOM JADE;JADE GUARDIAN ARMOR;BRAWLER'S VICTORY RING;D
DRAGON;DRACONIC LEGACY;MAGIC;TALISMAN;243;4728;5085;6224;8205;JADE GUARDIAN ARMOR;DRAGON JADE BRACERS;PRIMAL BRAWLER BOOTS;M
DRAGON;DRAGON'S WHISPER RING;ATTACK;RING;244;6250;8019;4776;5106;DRAGON JADE BRACERS;JADE GUARDIAN BOOTS;BEAST CHAMPION GOBLET;A
DRAGON;HEIRLOOM JADE;DEFENSE;NECKLACE;244;4747;6369;7962;5184;MANTLE OF DRACONIC DUTY;DRACONIC LEGACY;BRAWLER'S VICTORY RING;D
DRAGON;IMMORTAL EYE;DEFENSE;NECKLACE;182;3610;4963;5415;4061;MANTICORE WALKERS;VAMPIRIC STING;THUNDERBEAR ARMOR;D
LAVA;FIRESPELL WALKERS;MAGIC;BOOTS;183;3652;4100;4915;5473;HUNTER'S PRIDE PENDANT;FEARLESS WALKERS;CRIMSON COUNT RING;M
DRAGON;JADE HAVEN;HEALTH;NECKLACE;247;9798;4799;4299;3967;LAUREL OF MERCY;DRACONIC LEGACY;EARTH'S BLESSING;H
VENOM;MASK OF THE GREEN VIPER;DEFENSE;HELM;171;3396;4670;5095;3821;PATHSEEKER PENDANT;BAAL'S FANG RING;HUNTER HORNS;D
DRAGON;JADE STRONGHOLD;DEFENSE;TALISMAN;248;4284;4788;9752;4032;MANTLE OF DRACONIC DUTY;JADE HAVEN;LAUREL OF MERCY;DCol
MYTH;COBRA CORONET;ATTACK;RING;183;4975;5488;3625;4063;WIND WHISPER GLOVES;VAMPIRIC BOOTS;WIND CRYSTAL PENDANT;A
HEX;HEXED STRIKE;MAGIC;NECKLACE;179;3556;4001;4890;5335;GILLS OF THE ABYSS;BAT GLOVES;POISON FEATHERS;M
NATURE;MANTLE OF THE EARTH;ATTACK;HELM;245;6206;8192;4776;5200;RUNE OF THE EARTH;RING OF STONE BINDING;DRAGON JADE BRACERS;A
NATURE;EARTH ELEMENTAL ARMOR;DEFENSE;CHEST;245;4831;6237;8076;5153;GEM OF EARTH ELEMENTAL;STOMPERS OF THE ELEMENTAL;HEIRLOOM JADE;D
NATURE;STONE BRACERS;MAGIC;GLOVES;245;4781;5184;6193;8077;RING OF STONE BINDING;MANTLE OF THE EARTH;JADE GUARDIAN ARMOR;M
NATURE;STOMPERS OF THE ELEMENTAL;ATTACK;BOOTS;245;6100;8300;4802;5174;RUNE OF THE EARTH;EARTH ELEMENTAL ARMOR;DRAGON'S WHISPER RING;A
NATURE;GEM OF EARTH ELEMENTAL;DEFENSE;TALISMAN;245;4827;6181;8102;5268;EARTH ELEMENTAL ARMOR;STONE BRACERS;JADE GUARDIAN BOOTS;D
NATURE;RING OF STONE BINDING;MAGIC;RING;245;4861;5148;6269;7954;STONE BRACERS;STOMPERS OF THE ELEMENTAL;DRACONIC LEGACY;M
NATURE;RUNE OF THE EARTH;ATTACK;NECKLACE;245;6231;8290;4718;5184;MANTLE OF THE EARTH;GEM OF EARTH ELEMENTAL;DRAGON'S WHISPER RING;A
NATURE;DEMONROOT;DEFENSE;TALISMAN;181;3574;4914;5361;4021;LAVALORD RING;BASALT MASK;DEVIL'S GRIP GLOVES;D
NATURE;EARTH'S BLESSING;HEALTH;NECKLACE;249;10011;4805;4304;3972;JADE HAVEN;MANTLE OF THE EARTH;OMINOUS SALVATION;H
ABYSS;ICY DEPTHS STOMPERS;DEFENSE;BOOTS;178;3521;4841;5281;3961;TINY ASSASSIN NECKLACE;INNER FIRE PENDANT;DEVIL'S GRIP GLOVES;D
NATURE;STONE OFFENSE;ATTACK;TALISMAN;250;4080;10023;3760;4560;STOMPERS OF THE ELEMENTAL;EARTH'S BLESSING;JADE HAVEN;ACol
SACRED;SOLEMN OATH GLOVES;MAGIC;GLOVES;181;3574;4021;4914;5361;THUNDER RULER RING;BASILISK PENDANT;INNER FIRE PENDANT;M
WIND;ZEPHYRUS CLASP;MAGIC;RING;183;3737;3861;5148;5390;BULL GLOVES;WAR EAGLE PENDANT;BULL STOMPERS;M
NOBLE;PATRICIAN HEADPIECE;ATTACK;HELM;169;4597;5015;3343;3761;BOOTS OF DESTINY;WINDWOLF ARMOR;SPECTRAL EYE PENDANT;A
DEATH;HARBINGER HELM;MAGIC;HELM;246;4827;5200;6269;8200;CRIMSON FATE;RING OF THE HARBINGER;STONE BRACERS;M
DEATH;THE CRIMSON OMEN ARMOR;ATTACK;CHEST;245;6113;8118;4885;5153;SPLINTER OF CRIMSON;OMINOUS WALKERS;RUNE OF THE EARTH;A
DEATH;GRASPERS OF THE HARBINGER;DEFENSE;GLOVES;246;4781;6281;8159;5122;RING OF THE HARBINGER;HARBINGER HELM;EARTH ELEMENTAL ARMOR;D
DEATH;OMINOUS WALKERS;MAGIC;BOOTS;246;4800;5300;6076;8259;CRIMSON FATE;THE CRIMSON OMEN ARMOR;RING OF STONE BINDING;M
DEATH;SPLINTER OF CRIMSON;ATTACK;TALISMAN;246;6206;8275;4841;5166;THE CRIMSON OMEN ARMOR;GRASPERS OF THE HARBINGER;STOMPERS OF THE ELEMENTAL;A
DEATH;RING OF THE HARBINGER;DEFENSE;RING;245;4762;6138;8259;5106;GRASPERS OF THE HARBINGER;OMINOUS WALKERS;GEM OF EARTH ELEMENTAL;D
DEATH;CRIMSON FATE;MAGIC;NECKLACE;245;4747;5200;6095;8275;HARBINGER HELM;SPLINTER OF CRIMSON;RING OF STONE BINDING;M
DEATH;OMINOUS SALVATION;HEALTH;NECKLACE;251;10224;4810;4309;3981;EARTH'S BLESSING;HARBINGER HELM;HEART OF STONE;H
DEATH;AMULET OF PASSING;MAGIC;NECKLACE;179;3556;4001;4890;5335;GILLS OF THE ABYSS;BAT GLOVES;POISON FEATHERS;M
ICE;BANDS OF FROSTLANDS;DEFENSE;GLOVES;174;3432;4719;5148;3861;LAVALORD RING;GOLDEN ARCHANGEL ARMOR;GUIDING FIRE;D
BEAST;KARMA SERPENT RING;DEFENSE;RING;174;3450;4743;5175;3881;VOLCANIC GLOVES;TOXIC GRIN;BAAL'S FANG RING;D
SHADOW;WISDOM OF SHADOWS;ATTACK;NECKLACE;177;4817;5255;3503;3941;TOXIC GRIN;BASALT MASK;HOOD OF CLAIRVOYANCE;A
THUNDER;THUNDER REBORN;MAGIC;TALISMAN;177;3503;3941;4817;5255;GREAT PREDATOR CARAPACE;BASALT STOMPERS;GRAPEVINE GLOVES;M
DEATH;CRIMSON SPELLBOUND;MAGIC;TALISMAN;251;3864;4284;4788;10379;OMINOUS SALVATION;GRASPERS OF THE HARBINGER;EARTH'S BLESSING;MCol
NOBLE;MINE OVERSEER HELM;DEFENSE;HELM;251;4925;6400;8358;5300;OVERSEER'S SIGIL;ANCESTORS' CRAFT;GRASPERS OF THE HARBINGER;D
NOBLE;LORD OF THE MOUNTAIN ARMOR;MAGIC;CHEST;251;4930;5247;6381;8324;STONE MEMORY;MOUNTAIN LORD'S STOMPERS;CRIMSON FATE;M
NOBLE;STONE CRAFT GLOVES;ATTACK;GLOVES;251;6374;8375;4915;5221;ANCESTORS' CRAFT;MINE OVERSEER HELM;THE CRIMSON OMEN ARMOR;A
NOBLE;MOUNTAIN LORD'S STOMPERS;DEFENSE;BOOTS;250;4900;6400;8232;5274;OVERSEER'S SIGIL;LORD OF THE MOUNTAIN ARMOR;RING OF THE HARBINGER;D
NOBLE;STONE MEMORY;MAGIC;TALISMAN;250;4925;5184;6323;8509;LORD OF THE MOUNTAIN ARMOR;STONE CRAFT GLOVES;OMINOUS WALKERS;M
NOBLE;ANCESTORS' CRAFT;ATTACK;RING;250;6349;8316;4975;5106;STONE CRAFT GLOVES;MOUNTAIN LORD'S STOMPERS;SPLINTER OF CRIMSON;A
NOBLE;OVERSEER'S SIGIL;DEFENSE;NECKLACE;250;4945;6470;8257;5184;MINE OVERSEER HELM;STONE MEMORY;RING OF THE HARBINGER;D
NOBLE;HEART OF STONE;HEALTH;NECKLACE;255;10650;4817;4310;3986;OMINOUS SALVATION;LORD OF THE MOUNTAIN ARMOR;CAUTERISER;H
NOBLE;MINE SHIELD;DEFENSE;TALISMAN;255;4289;4794;10494;4037;HEART OF STONE;MINE OVERSEER HELM;OMINOUS SALVATION;DCol
NOBLE;THE RUNIC SAGA;DEFENSE;TALISMAN;181;3592;4939;5388;4041;THUNDERBEAR ARMOR;NIGHT VISION NECKLACE;WALKERS OF AMBUSH;D
NECRO;RING OF TORMENT;ATTACK;RING;178;4841;5281;3521;3961;WEB WEAVERS;SACRED PATH BOOTS;HELLGATE ARMOR;A
ABYSS;BRACERS OF THE OLD ONES;MAGIC;GLOVES;177;3503;3941;4817;5255;HUNDRED BLESSINGS RING;INNER FIRE PENDANT;HEARTH OF HELL PENDANT;M
HEX;HEXED SENTINEL;ATTACK;HELM;174;4743;5175;3450;3881;PATH SEEKERS;HELLGATE ARMOR;ARCANE POTION PENDANT;A
MYTH;FABLED STOMPERS;DEFENSE;BOOTS;181;3592;4939;5388;4041;NIGHT VISION NECKLACE;BASILISK PENDANT;VOLCANIC GLOVES;D
LAVA;MOLTEN HELM;ATTACK;HELM;252;6304;8492;4975;5300;RUNE OF FLAMES;MOLTEN BAND;STONE CRAFT GLOVES;A
LAVA;THE ENKINDLED ARMOR;DEFENSE;CHEST;251;4930;6336;8375;5252;EMBER HEART;ENKINDLED STOMPERS;OVERSEER'S SIGIL;D
LAVA;CLAWS OF FIRE FURY;MAGIC;GLOVES;252;4980;5284;6291;8373;MOLTEN BAND;MOLTEN HELM;LORD OF THE MOUNTAIN ARMOR;M
LAVA;ENKINDLED STOMPERS;ATTACK;BOOTS;251;6100;8500;4998;5373;RUNE OF FLAMES;THE ENKINDLED ARMOR;ANCESTORS' CRAFT;A
LAVA;EMBER HEART;DEFENSE;TALISMAN;252;4925;6381;8398;5311;THE ENKINDLED ARMOR;CLAWS OF FIRE FURY;MOUNTAIN LORD'S STOMPERS;D
LAVA;MOLTEN BAND;MAGIC;RING;253;5059;5247;6368;8347;CLAWS OF FIRE FURY;ENKINDLED STOMPERS;STONE MEMORY;M
LAVA;RUNE OF FLAMES;ATTACK;NECKLACE;253;6429;8500;4915;5284;MOLTEN HELM;EMBER HEART;ANCESTORS' CRAFT;A
LAVA;CAUTERISER;HEALTH;NECKLACE;257;10863;4817;4310;3986;HEART OF STONE;ENKINDLED STOMPERS;GRASPING PROPHECY;H
LAVA;HEART OF BATTLE;ATTACK;TALISMAN;257;4080;10761;3760;4560;CAUTERISER;MOLTEN HELM;HEART OF STONE;ACol
LAVA;ELEMENTAL STONE RING;DEFENSE;RING;181;3574;4914;5361;4021;PAWS OF MAGIC;OWL KING CROWN;LAVALORD RING;D
NATURE;GIFT OF THE FOREST;MAGIC;NECKLACE;179;3556;4001;4890;5335;GILLS OF THE ABYSS;BAT GLOVES;POISON FEATHERS;M
DEATH;MORTAL GRASP;DEFENSE;GLOVES;181;3592;4939;5388;4041;TRICOLOR SNAKE RING;CRIMSON COUNT CARAPACE;THUNDER BALL;D
VENOM;POISONOUS SURPRISE;ATTACK;TALISMAN;181;4939;5388;3592;4041;ATLANTIS ARMOR;VAMPIRE CLAW NECKLACE;OWLER RING;A
NECRO;MORTIS BOOTS;DEFENSE;BOOTS;182;3571;5132;5378;3920;VEIL OF WIND;SPIRIT TAMER RING;CRIMSON COUNT CARAPACE;D
SHADOW;EVERWATCHING GUARD;MAGIC;HELM;253;4925;5300;6368;8600;ORB OF SEEING;SEER'S BAND;CLAWS OF FIRE FURY;M
SHADOW;SEER OF SHADOWS ARMOR;ATTACK;CHEST;252;6212;8514;4985;5252;PIERCING EYE;CLAIRVOYANCE STOMPERS;RUNE OF FLAMES;A
SHADOW;GRASP OF THE BEHOLDER;DEFENSE;GLOVES;252;5080;6381;8257;5221;SEER'S BAND;EVERWATCHING GUARD;THE ENKINDLED ARMOR;D
SHADOW;CLAIRVOYANCE STOMPERS;MAGIC;BOOTS;253;5000;5400;6174;8557;ORB OF SEEING;SEER OF SHADOWS ARMOR;MOLTEN BAND;M
SHADOW;PIERCING EYE;ATTACK;TALISMAN;253;6304;8574;4940;5369;SEER OF SHADOWS ARMOR;GRASP OF THE BEHOLDER;ENKINDLED STOMPERS;A
SHADOW;SEER'S BAND;DEFENSE;RING;253;4960;6336;8557;5205;GRASP OF THE BEHOLDER;CLAIRVOYANCE STOMPERS;EMBER HEART;D
SHADOW;ORB OF SEEING;MAGIC;NECKLACE;253;4945;5300;6291;8574;EVERWATCHING GUARD;PIERCING EYE;MOLTEN BAND;M
SHADOW;GRASPING PROPHECY;HEALTH;NECKLACE;259;11076;4811;4315;3990;CAUTERISER;EVERWATCHING GUARD;TRADING SOULS;H
SHADOW;BITING GAZE;MAGIC;TALISMAN;259;3957;4294;4799;11128;GRASPING PROPHECY;CLAIRVOYANCE STOMPERS;CAUTERISER;MCol
SHADOW;NIGHTOWL BOOTS;MAGIC;BOOTS;174;3450;3881;4743;5175;LAVA CROWN;VENOMOUS SPINNER;CURSED ICEBERG ARMOR;M
ABYSS;KRAKEN'S OATH;ATTACK;RING;181;4939;5388;3592;4041;SHADOW CLAWS;THUNDERWALK BOOTS;LAVALORD ARMOR;A
LAVA;CHAINS OF LAVA;ATTACK;NECKLACE;179;4866;5308;3539;3981;OWL KING CROWN;RED DRAGON EGG;IMMACULATE CROWN;A
DRAGON;WYRM'S BRACERS;MAGIC;GLOVES;176;3485;3921;4792;5228;SILVER SALVATION;ENDLESS COMA RING;LAVA CROWN;M
NATURE;AUTUMN'S CALL;DEFENSE;TALISMAN;181;3592;4939;5388;4041;THUNDERBEAR ARMOR;NIGHT VISION NECKLACE;WALKERS OF AMBUSH;D
NECRO;UNDEAD PATRICIAN GUARD;DEFENSE;HELM;258;5024;6500;8657;5500;REVENANT SOUL;SOUL SCREAM SIGNET;GRASP OF THE BEHOLDER;D
NECRO;REVENANT RULER ARMOUR;MAGIC;CHEST;257;5029;5346;6481;8622;BOOK OF LOST SOULS;REVENANT STOMPERS;ORB OF SEEING;M
NECRO;GRASP OF THE PATRICIAN;ATTACK;GLOVES;258;6574;8674;5013;5319;SOUL SCREAM SIGNET;UNDEAD PATRICIAN GUARD;SEER OF SHADOWS ARMOR;A
NECRO;REVENANT STOMPERS;DEFENSE;BOOTS;256;5100;6500;8428;5373;REVENANT SOUL;REVENANT RULER ARMOUR;SEER'S BAND;D
NECRO;BOOK OF LOST SOULS;MAGIC;TALISMAN;257;5122;5284;6521;8712;REVENANT RULER ARMOUR;GRASP OF THE PATRICIAN;CLAIRVOYANCE STOMPERS;M
NECRO;SOUL SCREAM SIGNET;ATTACK;RING;257;6448;8712;5075;5205;GRASP OF THE PATRICIAN;REVENANT STOMPERS;PIERCING EYE;A
NECRO;REVENANT SOUL;DEFENSE;NECKLACE;257;5143;6572;8552;5284;UNDEAD PATRICIAN GUARD;BOOK OF LOST SOULS;SEER'S BAND;D
NECRO;TRADING SOULS;HEALTH;NECKLACE;262;11289;4811;4315;4075;GRASPING PROPHECY;REVENANT STOMPERS;RUNE OF CONSTITUTION;H
NECRO;SOUL SENTRY;DEFENSE;TALISMAN;262;4289;4794;11236;4037;TRADING SOULS;UNDEAD PATRICIAN GUARD;GRASPING PROPHECY;DCol
NECRO;FROST GUARD;DEFENSE;HELM;183;3711;5064;5319;4059;ZEPHYR WALKERS;SPIRIT TAMER RING;VAMPIRIC STING;D
MYTH;VISOR OF TIME;ATTACK;HELM;260;6304;8991;5274;5300;PERIAPT OF THE ARCANIST;DEATHLESS RING;GRASP OF THE PATRICIAN;A
MYTH;THE TIMELESS ARCANIST ARMOR;DEFENSE;CHEST;260;5127;6435;8774;5451;DEATHLESS RING;FORGOTTEN STOMPERS;REVENANT SOUL;D
MYTH;ETERNITY GRASPERS;MAGIC;GLOVES;260;5080;5284;6390;8865;HEART OF THE ARCANE;VISOR OF TIME;REVENANT RULER ARMOUR;M
MYTH;FORGOTTEN STOMPERS;ATTACK;BOOTS;260;6200;9000;5194;5473;PERIAPT OF THE ARCANIST;THE TIMELESS ARCANIST ARMOR;SOUL SCREAM SIGNET;A
MYTH;PERIAPT OF THE ARCANIST;ATTACK;NECKLACE;259;6429;8800;5112;5384;VISOR OF TIME;HEART OF THE ARCANE;SOUL SCREAM SIGNET;A
MYTH;HEART OF THE ARCANE;DEFENSE;TALISMAN;260;5024;6481;8793;5311;THE TIMELESS ARCANIST ARMOR;ETERNITY GRASPERS;REVENANT STOMPERS;D
MYTH;DEATHLESS RING;MAGIC;RING;258;5158;5445;6368;8740;ETERNITY GRASPERS;FORGOTTEN STOMPERS;BOOK OF LOST SOULS;M
MYTH;RUNE OF CONSTITUTION;HEALTH;NECKLACE;264;11513;4811;4315;4075;TRADING SOULS;FORGOTTEN STOMPERS;COLD COMFORT;H
MYTH;RUNE OF STRENGTH;ATTACK;TALISMAN;264;4160;11416;3760;4560;RUNE OF CONSTITUTION;VISOR OF TIME;TRADING SOULS;ACol
ICE;MELTING VISOR;MAGIC;HELM;272;5221;5600;6567;9700;CRACKING ICE RUNE;ICEBREAKER RING;ETERNITY GRASPERS;M
ICE;ICE SENTINEL ARMOR;ATTACK;CHEST;273;6508;9405;5583;5550;HEART OF GLACIER;ICESTOMPER BOOTS;PERIAPT OF THE ARCANIST;A
ICE;MELTING FISTS;DEFENSE;GLOVES;274;5378;6680;9437;5615;ICEBREAKER RING;MELTING VISOR;THE TIMELESS ARCANIST ARMOR;D
ICE;ICESTOMPER BOOTS;MAGIC;BOOTS;272;5400;5600;6468;9552;CRACKING ICE RUNE;ICE SENTINEL ARMOR;DEATHLESS RING;M
ICE;HEART OF GLACIER;ATTACK;TALISMAN;274;6501;9671;5632;5470;ICE SENTINEL ARMOR;MELTING FISTS;FORGOTTEN STOMPERS;A
ICE;ICEBREAKER RING;DEFENSE;RING;273;5456;6534;9652;5401;MELTING FISTS;ICESTOMPER BOOTS;HEART OF THE ARCANE;D
ICE;CRACKING ICE RUNE;MAGIC;NECKLACE;272;5341;5600;6586;9472;MELTING VISOR;HEART OF GLACIER;DEATHLESS RING;M
ICE;BREATH OF ICE;MAGIC;TALISMAN;277;4294;4378;4968;12305;COLD COMFORT;CRACKING ICE RUNE;RUNE OF CONSTITUTION;MCol
ICE;COLD COMFORT;HEALTH;NECKLACE;277;12366;4895;4484;4245;RUNE OF CONSTITUTION;MELTING VISOR;FLASH OF HEALING;H
THUNDER;GRAVES OF LIGHTNING;ATTACK;BOOTS;277;6600;9900;5390;5672;LIGHTNING SHURIKEN;LIGHTNING STRIKER ARMOR;ICEBREAKER RING;A
THUNDER;LIGHTNING SHURIKEN;DEFENSE;NECKLACE;275;5440;6774;9633;5484;MASK OF THE STRIKER;CHARGED KUNAI;ICEBREAKER RING;D
THUNDER;MASK OF THE STRIKER;DEFENSE;HELM;276;5221;6700;9751;5800;LIGHTNING SHURIKEN;BAND OF LIGHTNING;MELTING FISTS;D
THUNDER;LIGHTNING STRIKER ARMOR;MAGIC;CHEST;275;5226;5643;6680;9712;CHARGED KUNAI;GRAVES OF LIGHTNING;CRACKING ICE RUNE;M
THUNDER;BAND OF LIGHTNING;ATTACK;RING;276;6746;9801;5274;5499;CHARGED GLOVES;GRAVES OF LIGHTNING;HEART OF GLACIER;A
THUNDER;CHARGED KUNAI;MAGIC;TALISMAN;277;5319;5583;6718;10029;LIGHTNING STRIKER ARMOR;CHARGED GLOVES;ICESTOMPER BOOTS;M
THUNDER;CHARGED GLOVES;ATTACK;GLOVES;276;6773;9771;5308;5516;BAND OF LIGHTNING;MASK OF THE STRIKER;ICE SENTINEL ARMOR;A
THUNDER;FLASH OF HEALING;HEALTH;TALISMAN;279;12685;4895;4399;4245;CHAIN LIGHTNING;CHARGED GUARD;ABYSSAL PROTECTION;H
THUNDER;CHARGED GUARD;DEFENSE;NECKLACE;280;4541;4794;12508;4289;FLASH OF HEALING;CHAIN LIGHTNING;COLD COMFORT;DCol
THUNDER;CHAIN LIGHTNING;ATTACK;RING;279;4240;12578;4000;4560;CHARGED GUARD;FLASH OF HEALING;BREATH OF ICE;ACol
ABYSS;RAIDER'S GUARD;ATTACK;HELM;280;6698;10090;5473;5600;HAMMER'S BLESSING;RAIDER'S RUNE;CHARGED GLOVES;A
ABYSS;ABYSSAL RAIDER ARMOR;DEFENSE;CHEST;279;5324;6633;9970;5748;FAVOR OF NORTH;BOOTS OF THE VOYAGER;LIGHTNING SHURIKEN;D
ABYSS;BOOTS OF THE VOYAGER;ATTACK;BOOTS;280;6600;10000;5488;5771;HAMMER'S BLESSING;ABYSSAL RAIDER ARMOR;BAND OF LIGHTNING;A
ABYSS;REACHERS OF THE NORTH;MAGIC;GLOVES;278;5378;5583;6586;9949;RAIDER'S RUNE;RAIDER'S GUARD;LIGHTNING STRIKER ARMOR;M
ABYSS;HAMMER'S BLESSING;ATTACK;NECKLACE;279;6824;10000;5308;5583;RAIDER'S GUARD;FAVOR OF NORTH;BAND OF LIGHTNING;A
ABYSS;RAIDER'S RUNE;MAGIC;RING;279;5258;5643;6766;9918;REACHERS OF THE NORTH;BOOTS OF THE VOYAGER;CHARGED KUNAI;M
ABYSS;FAVOR OF NORTH;DEFENSE;TALISMAN;278;5418;6680;9880;5611;ABYSSAL RAIDER ARMOR;REACHERS OF THE NORTH;GRAVES OF LIGHTNING;D
ABYSS;ABYSSAL PROTECTION;HEALTH;NECKLACE;282;13157;4993;4487;4417;RAIDER'S BLESSING;NORTHERN HEX;OLD ONE'S BLESSING;H
ABYSS;RAIDER'S BLESSING;ATTACK;TALISMAN;282;4240;12790;4080;4560;NORTHERN HEX;ABYSSAL PROTECTION;CHAIN LIGHTNING;ACol
ABYSS;NORTHERN HEX;MAGIC;RING;282;4294;4378;4884;12947;ABYSSAL PROTECTION;RAIDER'S BLESSING;CHARGED GUARD;MCol
HEX;OLD ONE'S HELM;MAGIC;HELM;291;5516;5900;6965;10600;ANCIENT FAVOUR;RING OF SLUMBER;REACHERS OF THE NORTH;M
HEX;ELDRITCH MASTER ARMOR;ATTACK;CHEST;292;6803;10395;5882;5847;OLD ONE'S SCRIPTURE;ANCIENT BOOTS;HAMMER'S BLESSING;A
HEX;ANCIENT BOOTS;MAGIC;BOOTS;291;5700;6000;6762;10448;ANCIENT FAVOUR;ELDRITCH MASTER ARMOR;RAIDER'S RUNE;M
HEX;ELDRITCH GRASP;DEFENSE;GLOVES;293;5677;6979;10420;5910;RING OF SLUMBER;OLD ONE'S HELM;ABYSSAL RAIDER ARMOR;D
HEX;ANCIENT FAVOUR;MAGIC;NECKLACE;291;5637;5900;6881;10469;OLD ONE'S HELM;ANCIENT FAVOUR;RAIDER'S RUNE;M
HEX;RING OF SLUMBER;ATTACK;RING;293;6845;10593;5871;5696;ELDRITCH GRASP;ANCIENT BOOTS;FAVOR OF NORTH;A
HEX;OLD ONE'S SCRIPTURE;ATTACK;TALISMAN;292;6797;10568;5928;5774;ELDRITCH MASTER ARMOR;ELDRITCH GRASP;BOOTS OF THE VOYAGER;A
HEX;OLD ONE'S BLESSING;HEALTH;NECKLACE;295;13965;5064;4399;4415;CURSE OF THE DEPTHS;ACHIENT GUARD;BREATH OF LIFE;H
HEX;CURSE OF THE DEPTHS;ATTACK;TALISMAN;295;4240;13847;4160;4720;ACHIENT GUARD;OLD ONE'S BLESSING;RAIDER'S BLESSING;ACol
HEX;ACHIENT GUARD;DEFENCE;RING;295;4457;4962;13886;4373;OLD ONE'S BLESSING;CURSE OF THE DEPTHS;NORTHERN HEX;DCol
WIND;BOREAL EYES;ATTACK;HELM;296;7000;10900;5586;5970;TEMPEST SASH;STORM SHARD;RING OF SLUMBER;A
WIND;AEOLIAN LIGHTS ARMOR;MAGIC;CHEST;295;5522;5940;6979;10802;CYCLONE HEART;ZEPHYR SASHAYS;ANCIENT FAVOUR;M
WIND;MISTRAL SCRAPE;ATTACK;GLOVES;295;7072;10768;5505;5910;STORM SHARD;BOREAL EYES;ELDRITCH MASTER ARMOR;A
WIND;ZEPHYR SASHAYS;DEFENCE;BOOTS;294;5516;6900;10746;6100;TEMPEST SASH;AEOLIAN LIGHTS ARMOR;ELDRITCH GRASP;D
WIND;TEMPEST SASH;ATTACK;NECKLACE;294;7043;10692;5572;5794;BOREAL EYES;CYCLONE HEART;RING OF SLUMBER;A
WIND;STORM SHARD;DEFENCE;RING;295;5736;7077;10715;5783;MISTRAL SCRAPE;ZEPHYR SASHAYS;OLD ONE'S SCRIPTURE;D
WIND;CYCLONE HEART;MAGIC;TALISMAN;296;5615;5882;7015;11042;AEOLIAN LIGHTS ARMOR;MISTRAL SCRAPE;ANCIENT BOOTS;M
WIND;BREATH OF LIFE;HEALTH;NECKLACE;298;14178;5148;4399;4415;WINDWALKER'S BROOCH;STAR OF SKYWEAVER;GODDESS' MEMORY;H
WIND;WINDWALKER'S BROOCH;ATTACK;TALISMAN;298;4505;14191;4368;5100;STAR OF SKYWEAVER;BREATH OF LIFE;CURSE OF THE DEPTHS;ACol
WIND;STAR OF SKYWEAVER;MAGIC;RING;298;4378;4463;5052;14231;BREATH OF LIFE;WINDWALKER'S BROOCH;ACHIENT GUARD;MCol
SACRED;MASK OF REVELATION;DEFENCE;HELM;297;5615;6914;10945;6124;THE ARBITER;EQUILIRIUM STAR;STORM SHARD;D
SACRED;CELESTIAL GUARDIAN ARMOUR;ATTACK;CHEST;297;7086;11055;5578;5964;INVIOLABLE CORE;PROPHET'S BRACER;ZEPHYR SASHAYS;A
SACRED;PILGRIM'S PRIDE;MAGIC;GLOVES;297;5672;5935;7072;10989;EQUILIRIUM STAR;MASK OF REVELATION;AEOLIAN LIGHTS ARMOR;M
SACRED;PROPHET'S BRACER;ATTACK;BOOTS;297;7229;11100;5429;5871;THE ARBITER;CELESTIAL GUARDIAN ARMOUR;MISTRAL SCRAPE;A
SACRED;THE ARBITER;DEFENCE;NECKLACE;297;5666;7077;10911;5882;MASK OF REVELATION;INVIOLABLE CORE;STORM SHARD;D
SACRED;EQUILIRIUM STAR;MAGIC;RING;298;5723;5876;7029;11056;PILGRIM'S PRIDE;PROPHET'S BRACER;CYCLONE HEART;M
SACRED;INVIOLABLE CORE;ATTACK;TALISMAN;296;7057;10867;5553;6078;CELESTIAL GUARDIAN ARMOUR;PILGRIM'S PRIDE;TEMPEST SASH;A
SACRED;GODDESS' MEMORY;HEALTH;NECKLACE;300;14391;5064;4399;4500;TRANSGRESSOR'S SPIRIT;TEMPLAR'S LAST STAND;UNDYING WILL;H
SACRED;TEMPLAR'S LAST STAND;DEFENCE;RING;300;4457;4962;14310;4457;GODDESS' MEMORY;TRANSGRESSOR'S SPIRIT;STAR OF SKYWEAVER;DCol
SACRED;TRANSGRESSOR'S SPIRIT;ATTACK;TALISMAN;300;4823;14270;4399;4720;TEMPLAR'S LAST STAND;GODDESS' MEMORY;WINDWALKER'S BROOCH;ACol
VENOM;MANTIS PURSUER;MAGIC;HELM;311;5988;6300;7114;11681;NIGHT FLY'S NOISELESSNESS;DUSK BUTTERFLY'S GRACE;EQUILIRIUM STAR;M
VENOM;CHITINOUS ASSASSIN'S ARMOR;DEFENCE;CHEST;310;6076;7178;11446;6281;POISON CENTIPEDE'S VIRULENCE;INSECT NIMBLENESS;PROPHET'S BRACER;D
VENOM;MIDNIGHT FLYTRAP;ATTACK;GLOVES;309;7171;11477;5941;6250;DUSK BUTTERFLY'S GRACE;MANTIS PURSUER;CELESTIAL GUARDIAN ARMOUR;A
VENOM;INSECT NIMBLENESS;MAGIC;BOOTS;310;5941;6300;7227;11443;NIGHT FLY'S NOISELESSNESS;CHITINOUS ASSASSIN'S ARMOR;PILGRIM'S PRIDE;M
VENOM;NIGHT FLY'S NOISELESSNESS;ATTACK;NECKLACE;309;7351;11446;5892;6169;MANTIS PURSUER;POISON CENTIPEDE'S VIRULENCE;INVIOLABLE CORE;A
VENOM;DUSK BUTTERFLY'S GRACE;ATTACK;RING;311;7100;11600;6150;6150;MIDNIGHT FLYTRAP;INSECT NIMBLENESS;EQUILIRIUM STAR;A
VENOM;POISON CENTIPEDE'S VIRULENCE;DEFENCE;TALISMAN;311;6082;7043;11542;6313;CHITINOUS ASSASSIN'S ARMOR;MIDNIGHT FLYTRAP;THE ARBITER;D
VENOM;UNDYING WILL;HEALTH;NECKLACE;312;15208;5208;4484;4670;STINGER COIN;FIREFLY'S AURA;DROP OF BLOOD;H
VENOM;FIREFLY'S AURA;MAGIC;RING;312;4494;4664;5202;15222;UNDYING WILL;STINGER COIN;TEMPLAR'S LAST STAND;MCol
VENOM;STINGER COIN;ATTACK;TALISMAN;312;4648;15251;4452;5270;FIREFLY'S AURA;UNDYING WILL;TRANSGRESSOR'S SPIRIT;ACol
DEATH;HELL-FORGER SNOUT;ATTACK;HELM;314;7358;11800;5904;6269;HAVOC MEMENTO;HOUND LORD'S RING;DUSK BUTTERFLY'S GRACE;A
DEATH;IRONCLAD HELLHOUND ARMOR;ATTACK;CHEST;313;7485;11759;5777;6218;REAVER'S HOWL;FURIOUS TREMORS;NIGHT FLY'S NOISELESSNESS;A
DEATH;INFERNAL REAPERS;DEFENCE;GLOVES;312;5994;7264;11747;6138;HOUND LORD'S RING;HELL-FORGER SNOUT;CHITINOUS ASSASSIN'S ARMOR;D
DEATH;FURIOUS TREMORS;ATTACK;BOOTS;313;7530;11600;5922;6169;HAVOC MEMENTO;IRONCLAD HELLHOUND ARMOR;MIDNIGHT FLYTRAP;A
DEATH;HAVOC MEMENTO;MAGIC;NECKLACE;314;6169;6000;7304;11847;HELL-FORGER SNOUT;REAVER'S HOWL;POISON CENTIPEDE'S VIRULENCE;M
DEATH;HOUND LORD'S RING;DEFENCE;RING;312;6033;7178;11560;6281;INFERNAL REAPERS;FURIOUS TREMORS;NIGHT FLY'S NOISELESSNESS;D
DEATH;REAVER'S HOWL;MAGIC;TALISMAN;313;5910;6269;7242;11852;IRONCLAD HELLHOUND ARMOR;INFERNAL REAPERS;INSECT NIMBLENESS;M
DEATH;DROP OF BLOOD;HEALTH;NECKLACE;314;15422;5161;4484;4754;CHARGE OF THE HELLHOUND;CRIMSON PROTECTION;CHUNK OF VITALITY;H
DEATH;CRIMSON PROTECTION;DEFENCE;RING;314;4781;5086;15590;4594;DROP OF BLOOD;CHARGE OF THE HELLHOUND;FIREFLY'S AURA;DCol
DEATH;CHARGE OF THE HELLHOUND;ATTACK;TALISMAN;314;4648;15466;4473;5270;CRIMSON PROTECTION;DROP OF BLOOD;STINGER COIN;ACol
ICE;WHITE WALKER'S VISOR;DEFENCE;HELM;314;5994;7378;11835;6138;NECKLACE OF THE HAIL;RING OF ETERNAL WINTER;HOUND LORD'S RING;D
ICE;ARCTIC ARCANIST ARMOR;MAGIC;CHEST;316;5910;6269;7341;12055;SPELLBOOK OF THE ARCANIST;ICE CRACKERS;HAVOC MEMENTO;M
ICE;FRIGRID GRIP;ATTACK;GLOVES;314;7485;11894;5777;6218;RING OF ETERNAL WINTER;WHITE WALKER'S VISOR;IRONCLAD HELLHOUND ARMOR;A
ICE;ICE CRACKERS;DEFENCE;BOOTS;315;6033;7178;11757;6381;NECKLACE OF THE HAIL;ARCTIC ARCANIST ARMOR;INFERNAL REAPERS;D
ICE;NECKLACE OF THE HAIL;ATTACK;NECKLACE;315;7452;11894;5892;6269;WHITE WALKER'S VISOR;SPELLBOOK OF THE ARCANIST;REAVER'S HOWL;A
ICE;RING OF ETERNAL WINTER;MAGIC;RING;315;6237;6088;7278;11894;FRIGRID GRIP;ICE CRACKERS;HOUND LORD'S RING;M
ICE;SPELLBOOK OF THE ARCANIST;ATTACK;TALISMAN;316;7470;11948;5871;6237;ARCTIC ARCANIST ARMOR;FRIGRID GRIP;FURIOUS TREMORS;A
ICE;CHUNK OF VITALITY;HEALTH;NECKLACE;316;15724;5076;4541;4754;PIERCING SLEET;PERMAFROST;N/A;H
ICE;PERMAFROST;MAGIC;RING;316;4378;4749;5233;15724;CHUNK OF VITALITY;PIERCING SLEET;CRIMSON PROTECTION;MCol
ICE;PIERCING SLEET;ATTACK;TALISMAN;316;4732;15622;4473;5216;PERMAFROST;CHUNK OF VITALITY;CHARGE OF THE HELLHOUND;ACol
